Code,Name,Name KH,Category Code,Unit ID,Cost,Price,Alert Quantity, Tax Rate Name,Tax Method,Subcategory Code,Product Variants Separated by |,Supplier1(No),Supplier2(No),Supplier3(No),Supplier4(No),Supplier5(No),Custom Field 1,Custom Field 2,Custom Field 3,Custom Field 4,Custom Field 5,Custom Field 6,Image,Type(standard or service)
LK0001,Locker 8ទ្វារ (SB 019),,LK-01,1,140,0,10, No Tax, exclusive,,,,,,,,,,,,,,no_image.png,standard
LK0002,Locker 9ទ្វារ (SB 018),,LK-01,1,145,0,10, No Tax, exclusive,,,,,,,,,,,,,,no_image.png,standard
LK0003,Locker 12ទ្វារ (SB 020),,LK-01,1,150,0,10, No Tax, exclusive,,,,,,,,,,,,,,no_image.png,standard
LK0004,Locker 15ទ្វារ (SB 021),,LK-01,1,160,0,10, No Tax, exclusive,,,,,,,,,,,,,,no_image.png,standard
LK0005,Locker 18ទ្វារ (SB 022),,LK-01,1,170,0,10, No Tax, exclusive,,,,,,,,,,,,,,no_image.png,standard
LK0006,Locker 33ទ្វារ (SB 023),,LK-01,1,230,0,10, No Tax, exclusive,,,,,,,,,,,,,,no_image.png,standard
LK0007,Locker Sencury 9ទ្វារ ,,LK-01,1,256,0,10, No Tax, exclusive,,,,,,,,,,,,,,no_image.png,standard
LK0008,Locker Sencury 12ទ្វារ ,,LK-01,1,271,0,10, No Tax, exclusive,,,,,,,,,,,,,,no_image.png,standard
LK0009,Locker Sencury 18ទ្វារ ,,LK-01,1,301,0,10, No Tax, exclusive,,,,,,,,,,,,,,no_image.png,standard
LK0010,Locker Standard 9ទ្វារ ,,LK-01,1,0,0,10, No Tax, exclusive,,,,,,,,,,,,,,no_image.png,standard
LK0011,Locker Standard 12ទ្វារ ,,LK-01,1,0,0,10, No Tax, exclusive,,,,,,,,,,,,,,no_image.png,standard
LK0012,Locker Standard 15ទ្វារ ,,LK-01,1,0,0,10, No Tax, exclusive,,,,,,,,,,,,,,no_image.png,standard
LK0013,Locker Standard 18ទ្វារ ,,LK-01,1,0,0,10, No Tax, exclusive,,,,,,,,,,,,,,no_image.png,standard
LK0014,Locker Standard 32ទ្វារ ,,LK-01,1,288,0,10, No Tax, exclusive,,,,,,,,,,,,,,no_image.png,standard
LK0015,Locker ML 6ទ្វារ ,,LK-01,1,140,0,10, No Tax, exclusive,,,,,,,,,,,,,,no_image.png,standard
LK0016,Locker ML 9ទ្វារ ,,LK-01,1,150,0,10, No Tax, exclusive,,,,,,,,,,,,,,no_image.png,standard
LK0017,Locker ML 12ទ្វារ ,,LK-01,1,150,0,10, No Tax, exclusive,,,,,,,,,,,,,,no_image.png,standard
LK0018,Locker ML 15ទ្វារ ,,LK-01,1,0,0,10, No Tax, exclusive,,,,,,,,,,,,,,no_image.png,standard
LK0019,Locker ML 18ទ្វារ ,,LK-01,1,0,0,10, No Tax, exclusive,,,,,,,,,,,,,,no_image.png,standard
LK0020,Locker  FSC 3L-B3N 9ទ្វារ ,,LK-01,1,140,0,10, No Tax, exclusive,,,,,,,,,,,,,,no_image.png,standard
LK0021,Locker  FSC 3L-B4N 12ទ្វារ ,,LK-01,1,140,0,10, No Tax, exclusive,,,,,,,,,,,,,,no_image.png,standard
LK0022,Locker  FSC 3L-B5N 15ទ្វារ ,,LK-01,1,150,0,10, No Tax, exclusive,,,,,,,,,,,,,,no_image.png,standard
LK0023,Locker  FSC 18ទ្វារ ,,LK-01,1,0,0,10, No Tax, exclusive,,,,,,,,,,,,,,no_image.png,standard
LK0024,Locker  King 9ទ្វារ ,,LK-01,1,0,0,10, No Tax, exclusive,,,,,,,,,,,,,,no_image.png,standard
LK0025,Locker  King 12ទ្វារ ,,LK-01,1,0,0,10, No Tax, exclusive,,,,,,,,,,,,,,no_image.png,standard
LK0026,Locker  King 15ទ្វារ ,,LK-01,1,0,0,10, No Tax, exclusive,,,,,,,,,,,,,,no_image.png,standard
LK0027,Locker  King 18ទ្វារ ,,LK-01,1,0,0,10, No Tax, exclusive,,,,,,,,,,,,,,no_image.png,standard
LK0028,Locker 6ថត EURO,,LK-01,1,0,0,10, No Tax, exclusive,,,,,,,,,,,,,,no_image.png,standard
LK0029,Locker 4ថត EURO,,LK-01,1,0,0,10, No Tax, exclusive,,,,,,,,,,,,,,no_image.png,standard
LK0030,Locker Taiyo 3ថត,,LK-01,1,0,0,10, No Tax, exclusive,,,,,,,,,,,,,,no_image.png,standard
SCB0001,ទូឯកសារ SB040BY (កិក្រោមធំ3),,SCB-01,1,115,0,10, No Tax, exclusive,S-SCB1,,,,,,,,,,,,,no_image.png,standard
SCB0002,ទូឯកសារ SB030 (កញ្ចក់ទ្វារបើក),,SCB-01,1,105,0,10, No Tax, exclusive,S-SCB1,,,,,,,,,,,,,no_image.png,standard
SCB0003,ទូឯកសារ SB០29 (កញ្ចក់ទ្វាររុញ),,SCB-01,1,110,0,10, No Tax, exclusive,S-SCB1,,,,,,,,,,,,,no_image.png,standard
SCB0004,ទូឯកសារ SB044 (កិ3តូចកណ្តាល),,SCB-01,1,115,0,10, No Tax, exclusive,S-SCB1,,,,,,,,,,,,,no_image.png,standard
SCB0005,ទូឯកសារ SB035 (កិ2តូចកណ្តាល),,SCB-01,1,108,0,10, No Tax, exclusive,S-SCB1,,,,,,,,,,,,,no_image.png,standard
SCB0006,ទូឯកសារ SB032 (កញ្ចក់លើក្រោមទ្វារដែក),,SCB-01,1,105,0,10, No Tax, exclusive,S-SCB1,,,,,,,,,,,,,no_image.png,standard
SCB0007,ទូឯកសារ SB024 (ទ្វារដែកបិតជិត),,SCB-01,1,105,0,10, No Tax, exclusive,S-SCB1,,,,,,,,,,,,,no_image.png,standard
SCB0008,ទូឯកសារ SGB-0304,,SCB-01,1,304,0,10, No Tax, exclusive,S-SCB1,,,,,,,,,,,,,no_image.png,standard
SCB0009,ទូឯកសារ CT515 LEECO 15ថត ,,SCB-01,1,153,0,10, No Tax, exclusive,S-SCB1,,,,,,,,,,,,,no_image.png,standard
SCB0010,ទូឯកសារ LEECO 4ថត (FC014),,SCB-01,1,139,0,10, No Tax, exclusive,S-SCB1,,,,,,,,,,,,,no_image.png,standard
SCB0011,ទូឯកសារ LEECO 3ថត (FC013),,SCB-01,1,130,0,10, No Tax, exclusive,S-SCB1,,,,,,,,,,,,,no_image.png,standard
SCB0012,ទូឯកសារ LEECO 2ថត (FC012),,SCB-01,1,119,0,10, No Tax, exclusive,S-SCB1,,,,,,,,,,,,,no_image.png,standard
SCB0013,ទូឯកសារ LEECO 1.2m កញ្ចក់ (SLG),,SCB-01,1,148,0,10, No Tax, exclusive,S-SCB1,,,,,,,,,,,,,no_image.png,standard
SCB0014,ទូឯកសារ LEECO 1.2m ទ្វារបិទជិត (SLS),,SCB-01,1,140,0,10, No Tax, exclusive,S-SCB1,,,,,,,,,,,,,no_image.png,standard
SCB0015,ទូឯកសារ GADO 4ថត  (Green),,SCB-01,1,105,0,10, No Tax, exclusive,S-SCB1,,,,,,,,,,,,,no_image.png,standard
SCB0016,ទូឯកសារ TAIYO 4ថត ,,SCB-01,1,0,0,10, No Tax, exclusive,S-SCB1,,,,,,,,,,,,,no_image.png,standard
SCB0017,ទូឯកសារកញ្ចក់ទ្វាររុញ 303G (ML),,SCB-01,1,0,0,10, No Tax, exclusive,S-SCB1,,,,,,,,,,,,,no_image.png,standard
SCB0018,ទូឯកសារទ្វារបិទជិតទាប​ SFC,,SCB-01,1,0,0,10, No Tax, exclusive,S-SCB1,,,,,,,,,,,,,no_image.png,standard
SCB0019,ទូឯកសារទ្វារចំហរ​ទាប SFC,,SCB-01,1,0,0,10, No Tax, exclusive,S-SCB1,,,,,,,,,,,,,no_image.png,standard
SCB0020,ទូឯកសារ FC-H2N ,,SCB-01,1,120,0,10, No Tax, exclusive,S-SCB1,,,,,,,,,,,,,no_image.png,standard
SCB0021,ទូឯកសារ FC-G6N,,SCB-01,1,120,0,10, No Tax, exclusive,S-SCB1,,,,,,,,,,,,,no_image.png,standard
SCB0022,ទូឯកសារ FC-A9N,,SCB-01,1,70,0,10, No Tax, exclusive,S-SCB1,,,,,,,,,,,,,no_image.png,standard
SCB0023,ទូឯកសារ FC-G1N,,SCB-01,1,70,0,10, No Tax, exclusive,S-SCB1,,,,,,,,,,,,,no_image.png,standard
WCB0001,ទូឯកសារ​ 1.2 x 1.90 ទ្វា3 ពណ៌ឈើ,,SCB-01,1,0,0,10, No Tax, exclusive,S-SCB2,,,,,,,,,,,,,no_image.png,standard
WCB0002,ទូឯកសារ​ ទ្វា2 ពណ៌ស​ 0.80m​ x 1.90m,,SCB-01,1,0,0,10, No Tax, exclusive,S-SCB2,,,,,,,,,,,,,no_image.png,standard
WCB0003,ទូឯកសារ​ ទ្វា3 ពណ៌ស​ 1.20m​ x 1.90m,,SCB-01,1,0,0,10, No Tax, exclusive,S-SCB2,,,,,,,,,,,,,no_image.png,standard
WCB0004,ទូឯកសារ​ A180 ទ្វារ2 (800W x 400D x 1880H),,SCB-01,1,0,0,10, No Tax, exclusive,S-SCB2,,,,,,,,,,,,,no_image.png,standard
WCB0005,ទូឯកសារ A180​ ទ្វារ4 (1600W x 400D x 1880H),,SCB-01,1,0,0,10, No Tax, exclusive,S-SCB2,,,,,,,,,,,,,no_image.png,standard
WCB0006,ទូឯកសារ 180A (L)​ ទ្វារ3 (1200W x 400D x 1880H),,SCB-01,1,0,0,10, No Tax, exclusive,S-SCB2,,,,,,,,,,,,,no_image.png,standard
WCB0007,ទូឯកសារ 180A (R)​ ទ្វារ3 (1200W x 400D x 1880H),,SCB-01,1,0,0,10, No Tax, exclusive,S-SCB2,,,,,,,,,,,,,no_image.png,standard
WCB0008,ទូឯកសារ 192A ទ្វារ4 (1800W x 400D x 2000H),,SCB-01,1,0,0,10, No Tax, exclusive,S-SCB2,,,,,,,,,,,,,no_image.png,standard
WCB0009,ទូឯកសារ 1861A​ ទ្វារ4 (2000W x 400D x 2000H),,SCB-01,1,0,0,10, No Tax, exclusive,S-SCB2,,,,,,,,,,,,,no_image.png,standard
WCB0010,ទូឯកសារ AS8005GL  0.80m x 1.75m,,SCB-01,1,0,0,10, No Tax, exclusive,S-SCB2,,,,,,,,,,,,,no_image.png,standard
WCB0011,ទូឯកសារ​ ទ្វា2 ពណ៌ឈើល្អ 0.90​m x 2.00m,,SCB-01,1,0,0,10, No Tax, exclusive,S-SCB2,,,,,,,,,,,,,no_image.png,standard
WCB0012,ទូឯកសារ-902 ពណ៌ស,,SCB-01,1,90,0,10, No Tax, exclusive,S-SCB2,,,,,,,,,,,,,no_image.png,standard
WCB0013,ទូឯកសារ-902 ពណ៌ឈើ,,SCB-01,1,90,0,10, No Tax, exclusive,S-SCB2,,,,,,,,,,,,,no_image.png,standard
WCB0014,ទូឯកសារ LE ទ្វារបិតជិតក្រោម,,SCB-01,1,0,0,10, No Tax, exclusive,S-SCB2,,,,,,,,,,,,,no_image.png,standard
WCB0015,ទូឯកសារ LE ទ្វារបិតជិតវែង,,SCB-01,1,0,0,10, No Tax, exclusive,S-SCB2,,,,,,,,,,,,,no_image.png,standard
WCB0016,ទូឯកសារ LE កញ្ចក់មូយកំណាត់ទ្វាបិតជិត,,SCB-01,1,0,0,10, No Tax, exclusive,S-SCB2,,,,,,,,,,,,,no_image.png,standard
WCB0017,ទូឯកសារ LE-EC700 (w700mmxd340mmxh1170mm),,SCB-01,1,89,0,10, No Tax, exclusive,S-SCB2,,,,,,,,,,,,,no_image.png,standard
WCB0018,ទូឯកសារ (WN 8822/W)ទ្វារបិត,,SCB-01,1,0,0,10, No Tax, exclusive,S-SCB2,,,,,,,,,,,,,no_image.png,standard
WCB0019,ទូឯកសារ (WN 8822/S)ទ្វាររុញ,,SCB-01,1,0,0,10, No Tax, exclusive,S-SCB2,,,,,,,,,,,,,no_image.png,standard
WCB0020,ទូឯកសារ​ (RV​ SC/OS) ទ្វារុញ​,,SCB-01,1,0,0,10, No Tax, exclusive,S-SCB2,,,,,,,,,,,,,no_image.png,standard
WCB0021,ទូឯកសារ SP ទ្វាររុញទាប,,SCB-01,1,0,0,10, No Tax, exclusive,S-SCB2,,,,,,,,,,,,,no_image.png,standard
WCB0022,ទូឯកសារ LE SC780,,SCB-01,1,71,0,10, No Tax, exclusive,S-SCB2,,,,,,,,,,,,,no_image.png,standard
WCB0023,ទូឯកសារ RV 8004,,SCB-01,1,138,0,10, No Tax, exclusive,S-SCB2,,,,,,,,,,,,,no_image.png,standard
WCB0024,ទូឯកសារ RV 8005,,SCB-01,1,115,0,10, No Tax, exclusive,S-SCB2,,,,,,,,,,,,,no_image.png,standard
WCB0025,ទូឯកសារ RV 8005GL,,SCB-01,1,138,0,10, No Tax, exclusive,S-SCB2,,,,,,,,,,,,,no_image.png,standard
WCB0026,ទូឯកសារ RV 8006ufs,,SCB-01,1,92,0,10, No Tax, exclusive,S-SCB2,,,,,,,,,,,,,no_image.png,standard
WCB0027,ទូឯកសារ RV 8822/O ufs,,SCB-01,1,48,0,10, No Tax, exclusive,S-SCB2,,,,,,,,,,,,,no_image.png,standard
WCB0028,ទូឯកសារ RV 8822/P,,SCB-01,1,73,0,10, No Tax, exclusive,S-SCB2,,,,,,,,,,,,,no_image.png,standard
WCB0029,ទូឯកសារ RV 8822/P shelf,,SCB-01,1,4,0,10, No Tax, exclusive,S-SCB2,,,,,,,,,,,,,no_image.png,standard
WCB0030,ទូឯកសារ RV 8822/S,,SCB-01,1,71,0,10, No Tax, exclusive,S-SCB2,,,,,,,,,,,,,no_image.png,standard
WCB0031,ទូឯកសារ RV 8822/W,,SCB-01,1,71,0,10, No Tax, exclusive,S-SCB2,,,,,,,,,,,,,no_image.png,standard
WCB0032,ទ្វារទូឯកសារ RV 8822/W Door 1Pair,,SCB-01,1,23,0,10, No Tax, exclusive,S-SCB2,,,,,,,,,,,,,no_image.png,standard
WCB0033,ទូឯកសារ RV SC105,,SCB-01,1,82,0,10, No Tax, exclusive,S-SCB2,,,,,,,,,,,,,no_image.png,standard
WCB0034,ទូឯកសារ WN 8004,,SCB-01,1,116,0,10, No Tax, exclusive,S-SCB2,,,,,,,,,,,,,no_image.png,standard
WCB0035,ទូឯកសារ WN 8005,,SCB-01,1,93,0,10, No Tax, exclusive,S-SCB2,,,,,,,,,,,,,no_image.png,standard
WCB0036,ទូឯកសារ WN 8005GL,,SCB-01,1,116,0,10, No Tax, exclusive,S-SCB2,,,,,,,,,,,,,no_image.png,standard
WCB0037,ទូឯកសារ WN 8006ufs,,SCB-01,1,70,0,10, No Tax, exclusive,S-SCB2,,,,,,,,,,,,,no_image.png,standard
WCB0038,ទូឯកសារ WN 8822/Oufs,,SCB-01,1,38,0,10, No Tax, exclusive,S-SCB2,,,,,,,,,,,,,no_image.png,standard
WCB0039,ទូឯកសារ WN 8822/P,,SCB-01,1,54,0,10, No Tax, exclusive,S-SCB2,,,,,,,,,,,,,no_image.png,standard
WCB0040,ទូឯកសារ WN 8822/S,,SCB-01,1,61,0,10, No Tax, exclusive,S-SCB2,,,,,,,,,,,,,no_image.png,standard
WCB0041,ទូឯកសារ WN 8822/W,,SCB-01,1,61,0,10, No Tax, exclusive,S-SCB2,,,,,,,,,,,,,no_image.png,standard
WCB0042,ទូទ្វារ WN 8822/W Door 1pair,,SCB-01,1,23,0,10, No Tax, exclusive,S-SCB2,,,,,,,,,,,,,no_image.png,standard
WCB0043,ទ្វារកញ្ចក់ WN GLASS,,SCB-01,1,10,0,10, No Tax, exclusive,S-SCB2,,,,,,,,,,,,,no_image.png,standard
WCB0044,ទូឯកសារ WN SC900,,SCB-01,1,66,0,10, No Tax, exclusive,S-SCB2,,,,,,,,,,,,,no_image.png,standard
WCB0045,ទូឯកសារ AS 8004,,SCB-01,1,135,0,10, No Tax, exclusive,S-SCB2,,,,,,,,,,,,,no_image.png,standard
WCB0046,ទូឯកសារ AS 8005,,SCB-01,1,112,0,10, No Tax, exclusive,S-SCB2,,,,,,,,,,,,,no_image.png,standard
WCB0047,ទូឯកសារ AS 8005GL,,SCB-01,1,135,0,10, No Tax, exclusive,S-SCB2,,,,,,,,,,,,,no_image.png,standard
WCB0048,ទូឯកសារ AS 8006 UFS,,SCB-01,1,89,0,10, No Tax, exclusive,S-SCB2,,,,,,,,,,,,,no_image.png,standard
WCB0049,ទូឯកសារ AS 8822/O UFS,,SCB-01,1,47,0,10, No Tax, exclusive,S-SCB2,,,,,,,,,,,,,no_image.png,standard
WCB0050,ទូឯកសារ AS 8822/P,,SCB-01,1,71,0,10, No Tax, exclusive,S-SCB2,,,,,,,,,,,,,no_image.png,standard
WCB0051,ទូឯកសារ AS 8822/P Shelf,,SCB-01,1,4,0,10, No Tax, exclusive,S-SCB2,,,,,,,,,,,,,no_image.png,standard
WCB0052,ទូឯកសារ AS 8822/S,,SCB-01,1,70,0,10, No Tax, exclusive,S-SCB2,,,,,,,,,,,,,no_image.png,standard
WCB0053,ទូឯកសារ AS 8822/W,,SCB-01,1,70,0,10, No Tax, exclusive,S-SCB2,,,,,,,,,,,,,no_image.png,standard
WCB0054,ទូឯកសារ AS 8822/W Door pair,,SCB-01,1,23,0,10, No Tax, exclusive,S-SCB2,,,,,,,,,,,,,no_image.png,standard
WCB0055,ទ្វារកញ្ចក់​ AS GLASS,,SCB-01,1,10,0,10, No Tax, exclusive,S-SCB2,,,,,,,,,,,,,no_image.png,standard
WCB0056,ទូឯកសារ AS SC105,,SCB-01,1,78,0,10, No Tax, exclusive,S-SCB2,,,,,,,,,,,,,no_image.png,standard
WCB0057,ទូឯកសារ HA SC780/WG,,SCB-01,1,60,0,10, No Tax, exclusive,S-SCB2,,,,,,,,,,,,,no_image.png,standard
WCB0058,ទូឯកសារ MC1210,,SCB-01,1,44,0,10, No Tax, exclusive,S-SCB2,,,,,,,,,,,,,no_image.png,standard
WCB0059,ទូកញ្ចក់ HA GLASS,,SCB-01,1,10,0,10, No Tax, exclusive,S-SCB2,,,,,,,,,,,,,no_image.png,standard
WCB0060,ទ្វារកញ្ចក់ RV Glass,,SCB-01,1,10,0,10, No Tax, exclusive,S-SCB2,,,,,,,,,,,,,no_image.png,standard
DST0001,ទូសំអាងថៃ BP-6,,DST-01,1,41,0,10, No Tax, exclusive,,,,,,,,,,,,,,no_image.png,standard
DST0002,ទូសំអាង DT-607 លាត,,DST-01,1,45,0,10, No Tax, exclusive,,,,,,,,,,,,,,no_image.png,standard
DST0003,ទូសំអាង DT-609 ទ្វារបើក,,DST-01,1,58,0,10, No Tax, exclusive,,,,,,,,,,,,,,no_image.png,standard
DST0004,ទូសំអាងកញ្ចក់ជ្រុងពណ៌ស 8860,,DST-01,1,73,0,10, No Tax, exclusive,,,,,,,,,,,,,,no_image.png,standard
DST0005,ទូសំអាងកញ្ចក់ជ្រុងពណ៌មាស 8860,,DST-01,1,73,0,10, No Tax, exclusive,,,,,,,,,,,,,,no_image.png,standard
DST0006,ទូសំអាងទ្វាររុញពណ៌មាស 8851,,DST-01,1,73,0,10, No Tax, exclusive,,,,,,,,,,,,,,no_image.png,standard
DST0007,ទូសំអាងទ្វាររុញពណ៌ស 8851,,DST-01,1,73,0,10, No Tax, exclusive,,,,,,,,,,,,,,no_image.png,standard
PTC0001,ទូជ័រ TABI​ 5ថត,,PTC-01,1,45.5,0,10, No Tax, exclusive,,,,,,,,,,,,,,no_image.png,standard
PTC0002,ទូជ័រ TABI​ 4ថត,,PTC-01,1,37.5,0,10, No Tax, exclusive,,,,,,,,,,,,,,no_image.png,standard
PTC0003,ទូជ័រ TABI​ 3ថត,,PTC-01,1,30.5,0,10, No Tax, exclusive,,,,,,,,,,,,,,no_image.png,standard
PTC0004,ទូជ័រធំ TABI-L 5ថត,,PTC-01,1,67.5,0,10, No Tax, exclusive,,,,,,,,,,,,,,no_image.png,standard
PTC0005,ទូជ័រធំ TABI-L 4ថត,,PTC-01,1,58.5,0,10, No Tax, exclusive,,,,,,,,,,,,,,no_image.png,standard
PTC0006,ទូជ័រធំ TABI-L 3ថត,,PTC-01,1,45.5,0,10, No Tax, exclusive,,,,,,,,,,,,,,no_image.png,standard
PTC0007,ទូជ័រ MINA 5ថត,,PTC-01,1,45.5,0,10, No Tax, exclusive,,,,,,,,,,,,,,no_image.png,standard
PTC0008,ទូជ័រ MINA 4ថត,,PTC-01,1,37.5,0,10, No Tax, exclusive,,,,,,,,,,,,,,no_image.png,standard
PTC0009,ទូជ័រ MINA 3ថត,,PTC-01,1,30.5,0,10, No Tax, exclusive,,,,,,,,,,,,,,no_image.png,standard
PTC0010,ទូជ័រធំ MINA-L​ 5ថត,,PTC-01,1,58.5,0,10, No Tax, exclusive,,,,,,,,,,,,,,no_image.png,standard
PTC0011,ទូជ័រធំ MINA-L​ 4ថត,,PTC-01,1,49.5,0,10, No Tax, exclusive,,,,,,,,,,,,,,no_image.png,standard
PTC0012,ទូជ័រ TANO​ 5ថត,,PTC-01,1,33,0,10, No Tax, exclusive,,,,,,,,,,,,,,no_image.png,standard
PTC0013,ទូជ័រ​ TANO​ 4ថត,,PTC-01,1,27,0,10, No Tax, exclusive,,,,,,,,,,,,,,no_image.png,standard
PTC0014,ទូជ័រ TANO 3ថត,,PTC-01,1,21,0,10, No Tax, exclusive,,,,,,,,,,,,,,no_image.png,standard
PTC0015,ទូជ័រទ្វារបើក2 WING-2C,,PTC-01,1,76,0,10, No Tax, exclusive,,,,,,,,,,,,,,no_image.png,standard
PTC0016,ទូជ័រទ្វារបើក4 WING-4C,,PTC-01,1,80,0,10, No Tax, exclusive,,,,,,,,,,,,,,no_image.png,standard
PTC0017,តុបាយជ័រ កូនក្មេងធំ,,PTC-01,1,48,0,10, No Tax, exclusive,,,,,,,,,,,,,,no_image.png,standard
PTC0018,តុបាយជ័រ កូនក្មេងតូច,,PTC-01,1,41,0,10, No Tax, exclusive,,,,,,,,,,,,,,no_image.png,standard
PTC0019,តុ Baby V-H ,,PTC-01,1,3,0,10, No Tax, exclusive,,,,,,,,,,,,,,no_image.png,standard
PTC0020,កៅអីជ័របង្អែកឆ្នូត7 (ពណ៌កាហ្វេ),,PTC-01,1,5.65,0,10, No Tax, exclusive,,,,,,,,,,,,,,no_image.png,standard
PTC0021,កៅអីជ័របង្អែកឆ្នូត7 (ពណ៌ប្រផេះ),,PTC-01,1,5.65,0,10, No Tax, exclusive,,,,,,,,,,,,,,no_image.png,standard
PTC0022,កៅអីជ័របង្អែកធំ V-H (ពណ៌ក្រហម),,PTC-01,1,3.35,0,10, No Tax, exclusive,,,,,,,,,,,,,,no_image.png,standard
PTC0023,កៅអីជ័របង្អែកធំ V-H (ពណ៌ផ្ទៃមេឃ),,PTC-01,1,3.35,0,10, No Tax, exclusive,,,,,,,,,,,,,,no_image.png,standard
PTC0024,កៅអីជ័របង្អែកតូច V-H (ពណ៌ក្រហម),,PTC-01,1,2.03,0,10, No Tax, exclusive,,,,,,,,,,,,,,no_image.png,standard
PTC0025,កៅអីជ័របង្អែកតូច V-H (ពណ៌ផ្ទៃមេឃ),,PTC-01,1,2.03,0,10, No Tax, exclusive,,,,,,,,,,,,,,no_image.png,standard
PTC0026,កៅអីជ័រ Baby Cute ,,PTC-01,1,2.55,0,10, No Tax, exclusive,,,,,,,,,,,,,,no_image.png,standard
PTC0027,ធុងជូតផ្ទះ 11L អ៊ីណុក,,PTC-01,1,12.3,0,10, No Tax, exclusive,,,,,,,,,,,,,,no_image.png,standard
WDT0001,ទូអាវ STD 1m2 កិ 2 ពណ៍ទឹកដោះគោ,,WDT-01,1,80,0,10, No Tax, exclusive,S-WDT1,,,,,,,,,,,,,no_image.png,standard
WDT0002,ទូអាវ STD 1m2 កិ 2 ពណ៍កាហ្វេ,,WDT-01,1,80,0,10, No Tax, exclusive,S-WDT1,,,,,,,,,,,,,no_image.png,standard
WDT0003,ទូអាវ STD 1m2 កិ 2 ពណ៍ខ្មៅ,,WDT-01,1,80,0,10, No Tax, exclusive,S-WDT1,,,,,,,,,,,,,no_image.png,standard
WDT0004,ទូអាវ STD 1m2 កិ 2 ពណ៍បេង,,WDT-01,1,80,0,10, No Tax, exclusive,S-WDT1,,,,,,,,,,,,,no_image.png,standard
WDT0005,ទូអាវ STD 1m2 កិ 2 ពណ៍ទឹកប៊ិច,,WDT-01,1,80,0,10, No Tax, exclusive,S-WDT1,,,,,,,,,,,,,no_image.png,standard
WDT0006,ទូអាវ STD 1m2 កិ 2 ពណ៍ពងមាន់,,WDT-01,1,80,0,10, No Tax, exclusive,S-WDT1,,,,,,,,,,,,,no_image.png,standard
WDT0007,ទូអាវ STD 0.9m ពណ៍ទឹកដោះគោ,,WDT-01,1,70,0,10, No Tax, exclusive,S-WDT2,,,,,,,,,,,,,no_image.png,standard
WDT0008,ទូអាវ STD 0.9m ពណ៍កាហ្វេ,,WDT-01,1,70,0,10, No Tax, exclusive,S-WDT2,,,,,,,,,,,,,no_image.png,standard
WDT0009,ទូអាវ STD 0.9m ពណ៍ខ្មៅ,,WDT-01,1,70,0,10, No Tax, exclusive,S-WDT2,,,,,,,,,,,,,no_image.png,standard
WDT0010,ទូអាវ STD 0.9m ពណ៍បេង,,WDT-01,1,70,0,10, No Tax, exclusive,S-WDT2,,,,,,,,,,,,,no_image.png,standard
WDT0011,ទូអាវ STD 0.9m ពណ៍ទឹកប៊ិច,,WDT-01,1,70,0,10, No Tax, exclusive,S-WDT2,,,,,,,,,,,,,no_image.png,standard
WDT0012,ទូអាវ STD 0.9m ពណ៍ពងមាន់,,WDT-01,1,70,0,10, No Tax, exclusive,S-WDT2,,,,,,,,,,,,,no_image.png,standard
WDT0013,ទូអាវ STD 0.8m ពណ៍ទឹកដោះគោ,,WDT-01,1,60,0,10, No Tax, exclusive,S-WDT3,,,,,,,,,,,,,no_image.png,standard
WDT0014,ទូអាវ STD 0.8m ពណ៍កាហ្វេ,,WDT-01,1,60,0,10, No Tax, exclusive,S-WDT3,,,,,,,,,,,,,no_image.png,standard
WDT0015,ទូអាវ STD 0.8m ពណ៍ខ្មៅ,,WDT-01,1,60,0,10, No Tax, exclusive,S-WDT3,,,,,,,,,,,,,no_image.png,standard
WDT0016,ទូអាវ STD 0.8m ពណ៍បេង,,WDT-01,1,60,0,10, No Tax, exclusive,S-WDT3,,,,,,,,,,,,,no_image.png,standard
WDT0017,ទូអាវ STD 0.8m ពណ៍ទឹកប៊ិច,,WDT-01,1,60,0,10, No Tax, exclusive,S-WDT3,,,,,,,,,,,,,no_image.png,standard
WDT0018,ទូអាវ STD 0.8m ពណ៍ពងមាន់,,WDT-01,1,60,0,10, No Tax, exclusive,S-WDT3,,,,,,,,,,,,,no_image.png,standard
WDT0019,ទូអាវ STD 0.8m ទាប ពណ៍ផ្កាឈូក,,WDT-01,1,50,0,10, No Tax, exclusive,S-WDT4,,,,,,,,,,,,,no_image.png,standard
WDT0020,ទូអាវ STD 0.8m ទាប ពណ៍ទឹកដោះគោ,,WDT-01,1,50,0,10, No Tax, exclusive,S-WDT4,,,,,,,,,,,,,no_image.png,standard
WDT0021,ទូអាវ STD 0.8m ទាប ពណ៍កាហ្វេ,,WDT-01,1,50,0,10, No Tax, exclusive,S-WDT4,,,,,,,,,,,,,no_image.png,standard
WDT0022,ទូអាវ STD 0.8m ទាប ពណ៍ខ្មៅ,,WDT-01,1,50,0,10, No Tax, exclusive,S-WDT4,,,,,,,,,,,,,no_image.png,standard
WDT0023,ទូអាវ STD 0.8m ទាប ពណ៍បេង,,WDT-01,1,50,0,10, No Tax, exclusive,S-WDT4,,,,,,,,,,,,,no_image.png,standard
WDT0024,ទូអាវ STD 0.8m ទាប ពណ៍ទឹកប៊ិច,,WDT-01,1,50,0,10, No Tax, exclusive,S-WDT4,,,,,,,,,,,,,no_image.png,standard
WDT0025,ទូអាវ STD 0.8m ទាប ពណ៍ពងមាន់,,WDT-01,1,50,0,10, No Tax, exclusive,S-WDT4,,,,,,,,,,,,,no_image.png,standard
WDT0026,ទូអាវ STD លាត 1.35m ពណ៌ទឹកដោះគោ,,WDT-01,1,140,0,10, No Tax, exclusive,S-WDT5,,,,,,,,,,,,,no_image.png,standard
WDT0027,ទូអាវ STD លាត 1.35m ពណ៌កាហ្វេ,,WDT-01,1,140,0,10, No Tax, exclusive,S-WDT5,,,,,,,,,,,,,no_image.png,standard
WDT0028,ទូអាវ STD លាត 1.35m ពណ៌ខ្មៅ,,WDT-01,1,140,0,10, No Tax, exclusive,S-WDT5,,,,,,,,,,,,,no_image.png,standard
WDT0029,ទូអាវ STD លាត 1.35m ពណ៌បេង,,WDT-01,1,140,0,10, No Tax, exclusive,S-WDT5,,,,,,,,,,,,,no_image.png,standard
WDT0030,ទូអាវ STD លាត 1.35m ពណ៌ទឹកប៊ិច,,WDT-01,1,140,0,10, No Tax, exclusive,S-WDT5,,,,,,,,,,,,,no_image.png,standard
WDT0031,ទូអាវ STD លាត 1.35m ពណ៌ពងមាន់,,WDT-01,1,140,0,10, No Tax, exclusive,S-WDT5,,,,,,,,,,,,,no_image.png,standard
WDT0032,ទូអាវ STD លាត 1.35m ពណ៌ស,,WDT-01,1,140,0,10, No Tax, exclusive,S-WDT5,,,,,,,,,,,,,no_image.png,standard
WDT0033,ទូអាវ STD ឆ្នូត 1.35m ពណ៌ទឹកដោះគោ,,WDT-01,1,150,0,10, No Tax, exclusive,S-WDT6,,,,,,,,,,,,,no_image.png,standard
WDT0034,ទូអាវ STD ឆ្នូត 1.35m ពណ៌កាហ្វេ,,WDT-01,1,150,0,10, No Tax, exclusive,S-WDT6,,,,,,,,,,,,,no_image.png,standard
WDT0035,ទូអាវ STD ឆ្នូត 1.35m ពណ៌ខ្មៅ,,WDT-01,1,150,0,10, No Tax, exclusive,S-WDT6,,,,,,,,,,,,,no_image.png,standard
WDT0036,ទូអាវ STD ឆ្នូត 1.35m ពណ៌បេង,,WDT-01,1,150,0,10, No Tax, exclusive,S-WDT6,,,,,,,,,,,,,no_image.png,standard
WDT0037,ទូអាវ STD ឆ្នូត 1.35m ពណ៌ទឹកប៊ិច,,WDT-01,1,150,0,10, No Tax, exclusive,S-WDT6,,,,,,,,,,,,,no_image.png,standard
WDT0038,ទូអាវ STD ឆ្នូត 1.35m ពណ៌ពងមាន់,,WDT-01,1,150,0,10, No Tax, exclusive,S-WDT6,,,,,,,,,,,,,no_image.png,standard
WDT0039,ទូអាវ STD ឆ្នូត 1.35m ពណ៌ស,,WDT-01,1,150,0,10, No Tax, exclusive,S-WDT6,,,,,,,,,,,,,no_image.png,standard
WDT0040,ទូអាវ STD លាត 1.2m ទ្វារ3 ពណ៌ទឹកដោះគោ,,WDT-01,1,110,0,10, No Tax, exclusive,S-WDT7,,,,,,,,,,,,,no_image.png,standard
WDT0041,ទូអាវ STD លាត 1.2m ទ្វារ3 ពណ៌កាហ្វេ,,WDT-01,1,110,0,10, No Tax, exclusive,S-WDT7,,,,,,,,,,,,,no_image.png,standard
WDT0042,ទូអាវ STD លាត 1.2m ទ្វារ3 ពណ៌ខ្មៅ,,WDT-01,1,110,0,10, No Tax, exclusive,S-WDT7,,,,,,,,,,,,,no_image.png,standard
WDT0043,ទូអាវ STD លាត 1.2m ទ្វារ3 ពណ៌បេង,,WDT-01,1,110,0,10, No Tax, exclusive,S-WDT7,,,,,,,,,,,,,no_image.png,standard
WDT0044,ទូអាវ STD លាត 1.2m ទ្វារ3 ពណ៌ទឹកប៊ិច,,WDT-01,1,110,0,10, No Tax, exclusive,S-WDT7,,,,,,,,,,,,,no_image.png,standard
WDT0045,ទូអាវ STD លាត 1.2m ទ្វារ3 ពណ៌ពងមាន់,,WDT-01,1,110,0,10, No Tax, exclusive,S-WDT7,,,,,,,,,,,,,no_image.png,standard
WDT0046,ទូអាវ STD ឆ្នូត 1.2m ទ្វារ3 ពណ៌ទឹកដោះគោ,,WDT-01,1,130,0,10, No Tax, exclusive,S-WDT8,,,,,,,,,,,,,no_image.png,standard
WDT0047,ទូអាវ STD ឆ្នូត 1.2m ទ្វារ3 ពណ៌កាហ្វេ,,WDT-01,1,130,0,10, No Tax, exclusive,S-WDT8,,,,,,,,,,,,,no_image.png,standard
WDT0048,ទូអាវ STD ឆ្នូត 1.2m ទ្វារ3 ពណ៌ខ្មៅ,,WDT-01,1,130,0,10, No Tax, exclusive,S-WDT8,,,,,,,,,,,,,no_image.png,standard
WDT0049,ទូអាវ STD ឆ្នូត 1.2m ទ្វារ3 ពណ៌បេង,,WDT-01,1,130,0,10, No Tax, exclusive,S-WDT8,,,,,,,,,,,,,no_image.png,standard
WDT0050,ទូអាវ STD ឆ្នូត 1.2m ទ្វារ3 ពណ៌ទឹកប៊ិច,,WDT-01,1,130,0,10, No Tax, exclusive,S-WDT8,,,,,,,,,,,,,no_image.png,standard
WDT0051,ទូអាវ STD ឆ្នូត 1.2m ទ្វារ3 ពណ៌ពងមាន់,,WDT-01,1,130,0,10, No Tax, exclusive,S-WDT8,,,,,,,,,,,,,no_image.png,standard
WDT0052,ទូអាវ STD ឆ្នូត 1.2m ទ្វារ3 ពណ៌ស,,WDT-01,1,130,0,10, No Tax, exclusive,S-WDT8,,,,,,,,,,,,,no_image.png,standard
WDT0053,ទូអាវ STD 1.2m ទ្វារ3 ទាប ពណ៌ផ្កាឈូក,,WDT-01,1,70,0,10, No Tax, exclusive,S-WDT9,,,,,,,,,,,,,no_image.png,standard
WDT0054,ទូអាវ STD 1.2m ទ្វារ3 ទាប ពណ៌ខៀវ,,WDT-01,1,70,0,10, No Tax, exclusive,S-WDT9,,,,,,,,,,,,,no_image.png,standard
WDT0055,ទូអាវ STD 1.2m ទ្វារ3 ទាប ពណ៌ទឹកដោះគោ,,WDT-01,1,70,0,10, No Tax, exclusive,S-WDT9,,,,,,,,,,,,,no_image.png,standard
WDT0056,ទូអាវ STD 1.2m ទ្វារ3 ទាប ពណ៌កាហ្វេ,,WDT-01,1,70,0,10, No Tax, exclusive,S-WDT9,,,,,,,,,,,,,no_image.png,standard
WDT0057,ទូអាវ STD 1.2m ទ្វារ3 ទាប ពណ៌ខ្មៅ,,WDT-01,1,70,0,10, No Tax, exclusive,S-WDT9,,,,,,,,,,,,,no_image.png,standard
WDT0058,ទូអាវ STD 1.2m ទ្វារ3 ទាប ពណ៌ទឹកប៊ិច,,WDT-01,1,70,0,10, No Tax, exclusive,S-WDT9,,,,,,,,,,,,,no_image.png,standard
WDT0059,ទូអាវ STD 1.2m ទ្វារ3 ទាប ពណ៌ពងមាន់,,WDT-01,1,70,0,10, No Tax, exclusive,S-WDT9,,,,,,,,,,,,,no_image.png,standard
WDT0060,ទូអាវ STD 1.2m ថ្នាក់ ពណ៌ផ្កាឈូក,,WDT-01,1,85,0,10, No Tax, exclusive,S-WDT10,,,,,,,,,,,,,no_image.png,standard
WDT0061,ទូអាវ STD 1.2m ថ្នាក់ ពណ៌ខៀវ,,WDT-01,1,85,0,10, No Tax, exclusive,S-WDT10,,,,,,,,,,,,,no_image.png,standard
WDT0062,ទូអាវ STD 1.2m ថ្នាក់ ពណ៌ទឹកដោះគោ,,WDT-01,1,85,0,10, No Tax, exclusive,S-WDT10,,,,,,,,,,,,,no_image.png,standard
WDT0063,ទូអាវ STD 1.2m ថ្នាក់ ពណ៌កាហ្វេ,,WDT-01,1,85,0,10, No Tax, exclusive,S-WDT10,,,,,,,,,,,,,no_image.png,standard
WDT0064,ទូអាវ STD 1.2m ថ្នាក់ ពណ៌ខ្មៅ,,WDT-01,1,85,0,10, No Tax, exclusive,S-WDT10,,,,,,,,,,,,,no_image.png,standard
WDT0065,ទូអាវ STD 1.2m ថ្នាក់ ពណ៌ទឹកប៊ិច,,WDT-01,1,85,0,10, No Tax, exclusive,S-WDT10,,,,,,,,,,,,,no_image.png,standard
WDT0066,ទូអាវ STD 1.2m ថ្នាក់ ពណ៌ពងមាន់,,WDT-01,1,85,0,10, No Tax, exclusive,S-WDT10,,,,,,,,,,,,,no_image.png,standard
WDT0067,ទូអាវ STD ឆ្នូត 1.6m ទ្វារ4 ពណ៌ទឹកដោះគោ,,WDT-01,1,220,0,10, No Tax, exclusive,S-WDT11,,,,,,,,,,,,,no_image.png,standard
WDT0068,ទូអាវ STD ឆ្នូត 1.6m ទ្វារ4 ពណ៌កាហ្វេ,,WDT-01,1,220,0,10, No Tax, exclusive,S-WDT11,,,,,,,,,,,,,no_image.png,standard
WDT0069,ទូអាវ STD ឆ្នូត 1.6m ទ្វារ4 ពណ៌ខ្មៅ,,WDT-01,1,220,0,10, No Tax, exclusive,S-WDT11,,,,,,,,,,,,,no_image.png,standard
WDT0070,ទូអាវ STD ឆ្នូត 1.6m ទ្វារ4 ពណ៌បេង,,WDT-01,1,220,0,10, No Tax, exclusive,S-WDT11,,,,,,,,,,,,,no_image.png,standard
WDT0071,ទូអាវ STD ឆ្នូត 1.6m ទ្វារ4 ពណ៌ទឹកប៊ិច,,WDT-01,1,220,0,10, No Tax, exclusive,S-WDT11,,,,,,,,,,,,,no_image.png,standard
WDT0072,ទូអាវ STD ឆ្នូត 1.6m ទ្វារ4 ពណ៌ពងមាន់,,WDT-01,1,220,0,10, No Tax, exclusive,S-WDT11,,,,,,,,,,,,,no_image.png,standard
WDT0073,ទូអាវ STD លាត 1.8m ទ្វារ4 ពណ៌ទឹកដោះគោ,,WDT-01,1,230,0,10, No Tax, exclusive,S-WDT12,,,,,,,,,,,,,no_image.png,standard
WDT0074,ទូអាវ STD លាត 1.8m ទ្វារ4 ពណ៌កាហ្វេ,,WDT-01,1,230,0,10, No Tax, exclusive,S-WDT12,,,,,,,,,,,,,no_image.png,standard
WDT0075,ទូអាវ STD លាត 1.8m ទ្វារ4 ពណ៌ខ្មៅ,,WDT-01,1,230,0,10, No Tax, exclusive,S-WDT12,,,,,,,,,,,,,no_image.png,standard
WDT0076,ទូអាវ STD លាត 1.8m ទ្វារ4 ពណ៌បេង,,WDT-01,1,230,0,10, No Tax, exclusive,S-WDT12,,,,,,,,,,,,,no_image.png,standard
WDT0077,ទូអាវ STD លាត 1.8m ទ្វារ4 ពណ៌ទឹកប៊ិច,,WDT-01,1,230,0,10, No Tax, exclusive,S-WDT12,,,,,,,,,,,,,no_image.png,standard
WDT0078,ទូអាវ STD លាត 1.8m ទ្វារ4 ពណ៌ពងមាន់,,WDT-01,1,230,0,10, No Tax, exclusive,S-WDT12,,,,,,,,,,,,,no_image.png,standard
WDT0079,ទូអាវ MC100 ហាយឡាយ ពណ៌ខ្មៅ,,WDT-01,1,125,0,10, No Tax, exclusive,S-WDT13,,,,,,,,,,,,,no_image.png,standard
WDT0080,ទូអាវ MC100 ហាយឡាយ  ពណ៌ក្រហម,,WDT-01,1,125,0,10, No Tax, exclusive,S-WDT13,,,,,,,,,,,,,no_image.png,standard
WDT0081,ទូអាវ MC100 ហាយឡាយ  ពណ៌ពងមាន់,,WDT-01,1,125,0,10, No Tax, exclusive,S-WDT13,,,,,,,,,,,,,no_image.png,standard
WDT0082,ទូអាវ MC100 ហាយឡាយ  ពណ៌Cappucino,,WDT-01,1,125,0,10, No Tax, exclusive,S-WDT13,,,,,,,,,,,,,no_image.png,standard
WDT0083,ទូអាវ MC100 ហាយឡាយ ពណ៌ Rijeka Oak (រេស៊ីកាល់),,WDT-01,1,125,0,10, No Tax, exclusive,S-WDT13,,,,,,,,,,,,,no_image.png,standard
WDT0084,ទូអាវ MC150 ហាយឡាយ ពណ៌ខ្មៅ,,WDT-01,1,165,0,10, No Tax, exclusive,S-WDT14,,,,,,,,,,,,,no_image.png,standard
WDT0085,ទូអាវ MC150 ហាយឡាយ ពណ៌ក្រហម,,WDT-01,1,165,0,10, No Tax, exclusive,S-WDT14,,,,,,,,,,,,,no_image.png,standard
WDT0086,ទូអាវ MC150 ហាយឡាយ ពណ៌ពងមាន់,,WDT-01,1,165,0,10, No Tax, exclusive,S-WDT14,,,,,,,,,,,,,no_image.png,standard
WDT0087,ទូអាវ MC150 ហាយឡាយ ពណ៌Cappucino,,WDT-01,1,165,0,10, No Tax, exclusive,S-WDT14,,,,,,,,,,,,,no_image.png,standard
WDT0088,ទូអាវ MC150 ហាយឡាយ ពណ៌ Rijeka Oak (រេស៊ីកា),,WDT-01,1,165,0,10, No Tax, exclusive,S-WDT14,,,,,,,,,,,,,no_image.png,standard
WDT0089,ទូអាវ Begin 0.8m ពណ៌ខ្មៅ,,WDT-01,1,57,0,10, No Tax, exclusive,S-WDT15,,,,,,,,,,,,,no_image.png,standard
WDT0090,ទូអាវ Begin 0.8m ពណ៌ក្រហម,,WDT-01,1,57,0,10, No Tax, exclusive,S-WDT15,,,,,,,,,,,,,no_image.png,standard
WDT0091,ទូអាវ Begin 0.8m ពណ៌ពងមាន់,,WDT-01,1,57,0,10, No Tax, exclusive,S-WDT15,,,,,,,,,,,,,no_image.png,standard
WDT0092,ទូអាវ Begin 0.8m ពណ៌ Cappucino,,WDT-01,1,57,0,10, No Tax, exclusive,S-WDT15,,,,,,,,,,,,,no_image.png,standard
WDT0093,ទូអាវ Begin 0.8m ពណ៌ Rijeka Oak (រេស៊ីកា),,WDT-01,1,57,0,10, No Tax, exclusive,S-WDT15,,,,,,,,,,,,,no_image.png,standard
WDT0094,ទូអាវ Begin 0.8mទាប ពណ៌ខ្មៅ,,WDT-01,1,48,0,10, No Tax, exclusive,S-WDT16,,,,,,,,,,,,,no_image.png,standard
WDT0095,ទូអាវ Begin 0.8mទាប ពណ៌ក្រហម,,WDT-01,1,48,0,10, No Tax, exclusive,S-WDT16,,,,,,,,,,,,,no_image.png,standard
WDT0096,ទូអាវ Begin 0.8mទាប ពណ៌ពងមាន់,,WDT-01,1,48,0,10, No Tax, exclusive,S-WDT16,,,,,,,,,,,,,no_image.png,standard
WDT0097,ទូអាវ Begin 0.8mទាប ពណ៌ Cappucino,,WDT-01,1,48,0,10, No Tax, exclusive,S-WDT16,,,,,,,,,,,,,no_image.png,standard
WDT0098,ទូអាវ Begin 0.8mទាប ពណ៌ Rijeka Oak (រេស៊ីកា),,WDT-01,1,48,0,10, No Tax, exclusive,S-WDT16,,,,,,,,,,,,,no_image.png,standard
WDT0099,ទូអាវ Begin 1m2 ទ្វារ2​ ពណ៌ខ្មៅ,,WDT-01,1,77,0,10, No Tax, exclusive,S-WDT17,,,,,,,,,,,,,no_image.png,standard
WDT0100,ទូអាវ Begin 1m2  ​ទ្វារ2 ពណ៌ក្រហម,,WDT-01,1,77,0,10, No Tax, exclusive,S-WDT17,,,,,,,,,,,,,no_image.png,standard
WDT0101,ទូអាវ Begin 1m2  ទ្វារ2 ពណ៌ពងមាន់,,WDT-01,1,77,0,10, No Tax, exclusive,S-WDT17,,,,,,,,,,,,,no_image.png,standard
WDT0102,ទូអាវ Begin 1m2  ទ្វារ2 ពណ៌ Cappucino,,WDT-01,1,77,0,10, No Tax, exclusive,S-WDT17,,,,,,,,,,,,,no_image.png,standard
WDT0103,ទូអាវ Begin 1m2  ទ្វារ2 ពណ៌ Rijeka Oak (រេស៊ីកា),,WDT-01,1,77,0,10, No Tax, exclusive,S-WDT17,,,,,,,,,,,,,no_image.png,standard
WDT0104,ទូអាវ Begin 1.2m ទ្វារ3 ពណ៌ខ្មៅ,,WDT-01,1,93,0,10, No Tax, exclusive,S-WDT18,,,,,,,,,,,,,no_image.png,standard
WDT0105,ទូអាវ Begin 1.20m ​ទ្វារ3 ពណ៌ក្រហម,,WDT-01,1,93,0,10, No Tax, exclusive,S-WDT18,,,,,,,,,,,,,no_image.png,standard
WDT0106,ទូអាវ Begin 1.2m​ ទ្វារ3 ពណ៌ពងមាន់,,WDT-01,1,93,0,10, No Tax, exclusive,S-WDT18,,,,,,,,,,,,,no_image.png,standard
WDT0107,ទូអាវ Begin 1.2m ទ្វារ3 ពណ៌ Cappucino,,WDT-01,1,93,0,10, No Tax, exclusive,S-WDT18,,,,,,,,,,,,,no_image.png,standard
WDT0108,ទូអាវ Begin 1.2m ទ្វារ3 ពណ៌ Rijeka Oak (រេស៊ីកា),,WDT-01,1,93,0,10, No Tax, exclusive,S-WDT18,,,,,,,,,,,,,no_image.png,standard
WDT0109,ទូអាវ Begin 1.2m ទ្វារ3ទាប ពណ៌ខ្មៅ,,WDT-01,1,65,0,10, No Tax, exclusive,S-WDT19,,,,,,,,,,,,,no_image.png,standard
WDT0110,ទូអាវ Begin 1.2m ​ទ្វារ3ទាប ពណ៌ក្រហម,,WDT-01,1,65,0,10, No Tax, exclusive,S-WDT19,,,,,,,,,,,,,no_image.png,standard
WDT0111,ទូអាវ Begin 1.2m​ ទ្វារ3ទាប ពណ៌ពងមាន់,,WDT-01,1,65,0,10, No Tax, exclusive,S-WDT19,,,,,,,,,,,,,no_image.png,standard
WDT0112,ទូអាវ Begin 1.2m ទ្វារ3ទាប ពណ៌ Cappucino,,WDT-01,1,65,0,10, No Tax, exclusive,S-WDT19,,,,,,,,,,,,,no_image.png,standard
WDT0113,ទូអាវ Begin 1.2m ទ្វារ3ទាប ពណ៌ Rijeka Oak (រេស៊ីកា),,WDT-01,1,65,0,10, No Tax, exclusive,S-WDT19,,,,,,,,,,,,,no_image.png,standard
WDT0114,ទូអាវ Begin 1.2m ថ្នាក់ ពណ៌ខ្មៅ,,WDT-01,1,86,0,10, No Tax, exclusive,S-WDT20,,,,,,,,,,,,,no_image.png,standard
WDT0115,ទូអាវ Begin 1.2m ​ថ្នាក់ ពណ៌ក្រហម,,WDT-01,1,86,0,10, No Tax, exclusive,S-WDT20,,,,,,,,,,,,,no_image.png,standard
WDT0116,ទូអាវ Begin 1.2m​ ថ្នាក់ ពណ៌ពងមាន់,,WDT-01,1,86,0,10, No Tax, exclusive,S-WDT20,,,,,,,,,,,,,no_image.png,standard
WDT0117,ទូអាវ Begin 1.2m ថ្នាក់  ពណ៌ Cappucino,,WDT-01,1,86,0,10, No Tax, exclusive,S-WDT20,,,,,,,,,,,,,no_image.png,standard
WDT0118,ទូអាវ Begin 1.2m ថ្នាក់ ពណ៌ Rijeka Oak (រេស៊ីកា),,WDT-01,1,86,0,10, No Tax, exclusive,S-WDT20,,,,,,,,,,,,,no_image.png,standard
WDC0001,ទូអាវ 9174 ទ្វារ4  ពណ៌ស,,WDT-01,1,155,0,10, No Tax, exclusive,S-WDT21,,,,,,,,,,,,,no_image.png,standard
WDC0002,ទូអាវ 9174 ទ្វារ4  ពណ៌មាស,,WDT-01,1,155,0,10, No Tax, exclusive,S-WDT21,,,,,,,,,,,,,no_image.png,standard
WDC0003,ទូអាវ 9164 ទ្វារ4  ពណ៌ស,,WDT-01,1,155,0,10, No Tax, exclusive,S-WDT22,,,,,,,,,,,,,no_image.png,standard
WDC0004,ទូអាវ 9164 ទ្វារ4  ពណ៌មាស,,WDT-01,1,155,0,10, No Tax, exclusive,S-WDT22,,,,,,,,,,,,,no_image.png,standard
WDC0005,ទូអាវ 6064 ទ្វារ4  ពណ៌ស,,WDT-01,1,155,0,10, No Tax, exclusive,S-WDT23,,,,,,,,,,,,,no_image.png,standard
WDC0006,ទូអាវ 6064 ទ្វារ4  ពណ៌មាស,,WDT-01,1,155,0,10, No Tax, exclusive,S-WDT23,,,,,,,,,,,,,no_image.png,standard
WDC0007,ទូអាវ 9173 ទ្វារ3 ​1.2m ពណ៌ស,,WDT-01,1,125,0,10, No Tax, exclusive,S-WDT24,,,,,,,,,,,,,no_image.png,standard
WDC0008,ទូអាវ 9173 ទ្វារ3 ​1.2m ពណ៌មាស,,WDT-01,1,125,0,10, No Tax, exclusive,S-WDT24,,,,,,,,,,,,,no_image.png,standard
WDC0009,ទូអាវ 9163 ទ្វារ3 ​1m2 ពណ៌ស,,WDT-01,1,125,0,10, No Tax, exclusive,S-WDT25,,,,,,,,,,,,,no_image.png,standard
WDC0010,ទូអាវ 9163 ទ្វារ3 ​1m2 ពណ៌មាស,,WDT-01,1,125,0,10, No Tax, exclusive,S-WDT25,,,,,,,,,,,,,no_image.png,standard
WDC0011,ទូអាវ 6063 ទ្វារ3 1m2 ពណ៌ស,,WDT-01,1,125,0,10, No Tax, exclusive,S-WDT26,,,,,,,,,,,,,no_image.png,standard
WDC0012,ទូអាវ 6063 ទ្វារ3 ​1m2 ពណ៌មាស,,WDT-01,1,125,0,10, No Tax, exclusive,S-WDT26,,,,,,,,,,,,,no_image.png,standard
WDC0013,ទូអាវ 9172  1m0 ពណ៌ស,,WDT-01,1,100,0,10, No Tax, exclusive,S-WDT27,,,,,,,,,,,,,no_image.png,standard
WDC0014,ទូអាវ 9172 ​ 1m0 ពណ៌មាស,,WDT-01,1,100,0,10, No Tax, exclusive,S-WDT27,,,,,,,,,,,,,no_image.png,standard
WDC0015,ទូអាវ 9162  1m0 ពណ៌ស,,WDT-01,1,100,0,10, No Tax, exclusive,S-WDT28,,,,,,,,,,,,,no_image.png,standard
WDC0016,ទូអាវ 9162 ​ 1m0 ពណ៌មាស,,WDT-01,1,100,0,10, No Tax, exclusive,S-WDT28,,,,,,,,,,,,,no_image.png,standard
WDC0017,ទូអាវ 6062 ​ 1m0 ពណ៌ស,,WDT-01,1,100,0,10, No Tax, exclusive,S-WDT29,,,,,,,,,,,,,no_image.png,standard
WDC0018,ទូអាវ 6062  1m0 ពណ៌មាស,,WDT-01,1,100,0,10, No Tax, exclusive,S-WDT29,,,,,,,,,,,,,no_image.png,standard
WDC0019,ទូអាវ 6075 សរលោង ទ្វារ5  2m0,,WDT-01,1,270,0,10, No Tax, exclusive,S-WDT30,,,,,,,,,,,,,no_image.png,standard
WDC0020,ទូអាវ 6074 សរលោង ទ្វារ4  1m6,,WDT-01,1,230,0,10, No Tax, exclusive,S-WDT30,,,,,,,,,,,,,no_image.png,standard
WDC0021,ទូអាវ 6073 សរលោង ទ្វារ3  1m2,,WDT-01,1,190,0,10, No Tax, exclusive,S-WDT30,,,,,,,,,,,,,no_image.png,standard
TV0001,តុ TV STD 188 ពណ៌ខ្មៅ,,TV-01,1,110,0,10, No Tax, exclusive,S-TV1,,,,,,,,,,,,,no_image.png,standard
TV0002,តុ TV STD 188 ពណ៌បេង,,TV-01,1,110,0,10, No Tax, exclusive,S-TV1,,,,,,,,,,,,,no_image.png,standard
TV0003,តុ TV STD 188 ពណ៌កាហ្វេ,,TV-01,1,110,0,10, No Tax, exclusive,S-TV1,,,,,,,,,,,,,no_image.png,standard
TV0004,តុ TV STD 188 ពណ៌ទឹកដោះគោ,,TV-01,1,110,0,10, No Tax, exclusive,S-TV1,,,,,,,,,,,,,no_image.png,standard
TV0005,តុ TV STD 151 ពណ៌ខ្មៅ,,TV-01,1,90,0,10, No Tax, exclusive,S-TV2,,,,,,,,,,,,,no_image.png,standard
TV0006,តុ TV STD 151 ពណ៌បេង,,TV-01,1,90,0,10, No Tax, exclusive,S-TV2,,,,,,,,,,,,,no_image.png,standard
TV0007,តុ TV STD 151 ពណ៌កាហ្វេ,,TV-01,1,90,0,10, No Tax, exclusive,S-TV2,,,,,,,,,,,,,no_image.png,standard
TV0008,តុ TV STD 151 ពណ៌ទឹកដោះគោ,,TV-01,1,90,0,10, No Tax, exclusive,S-TV2,,,,,,,,,,,,,no_image.png,standard
TV0009,តុ TV STD 120 ពណ៌ខ្មៅ,,TV-01,1,65,0,10, No Tax, exclusive,S-TV3,,,,,,,,,,,,,no_image.png,standard
TV0010,តុ TV STD 120 ពណ៌បេង,,TV-01,1,65,0,10, No Tax, exclusive,S-TV3,,,,,,,,,,,,,no_image.png,standard
TV0011,តុ TV STD 120 ពណ៌កាហ្វេ,,TV-01,1,65,0,10, No Tax, exclusive,S-TV3,,,,,,,,,,,,,no_image.png,standard
TV0012,តុ TV STD 120 ពណ៌ទឹកដោះគោ,,TV-01,1,65,0,10, No Tax, exclusive,S-TV3,,,,,,,,,,,,,no_image.png,standard
TV0013,តុ TV STD 90 ពណ៌ខ្មៅ,,TV-01,1,45,0,10, No Tax, exclusive,S-TV4,,,,,,,,,,,,,no_image.png,standard
TV0014,តុ TV STD 90 ពណ៌បេង,,TV-01,1,45,0,10, No Tax, exclusive,S-TV4,,,,,,,,,,,,,no_image.png,standard
TV0015,តុ TV STD 90 ពណ៌កាហ្វេ,,TV-01,1,45,0,10, No Tax, exclusive,S-TV4,,,,,,,,,,,,,no_image.png,standard
TV0016,តុ TV STD 90 ពណ៌ទឹកដោះគោ,,TV-01,1,45,0,10, No Tax, exclusive,S-TV4,,,,,,,,,,,,,no_image.png,standard
TV0017,តុ KN-CO33 1.2m ពណ៌ខ្មៅ,,TV-01,1,0,0,10, No Tax, exclusive,S-TV5,,,,,,,,,,,,,no_image.png,standard
TV0018,តុ KN-CO33 1.2m ពណ៌ឈើ,,TV-01,1,0,0,10, No Tax, exclusive,S-TV5,,,,,,,,,,,,,no_image.png,standard
TV0021,តុ AA 40604 (DOW/DG) 1m2,,TV-01,1,0,0,10, No Tax, exclusive,S-TV6,,,,,,,,,,,,,no_image.png,standard
TV0022,តុ AA 40604 (LG/DG) 1m2,,TV-01,1,0,0,10, No Tax, exclusive,S-TV6,,,,,,,,,,,,,no_image.png,standard
TV0023,តុ AA 40604 (CH/DG) 1m2,,TV-01,1,0,0,10, No Tax, exclusive,S-TV6,,,,,,,,,,,,,no_image.png,standard
TV0024,តុ AA 40604 (BE/DG) 1m2,,TV-01,1,0,0,10, No Tax, exclusive,S-TV6,,,,,,,,,,,,,no_image.png,standard
TV0025,តុ AA 30604 (CH) 0.9m ,,TV-01,1,0,0,10, No Tax, exclusive,S-TV7,,,,,,,,,,,,,no_image.png,standard
TV0026,តុ AA 30604 (WOD) 0.9m ,,TV-01,1,0,0,10, No Tax, exclusive,S-TV7,,,,,,,,,,,,,no_image.png,standard
TV0027,តុ AA 30604 (LG) 0.9m ,,TV-01,1,0,0,10, No Tax, exclusive,S-TV7,,,,,,,,,,,,,no_image.png,standard
TV0028,តុ AA 30604 (BE) 0.9m ,,TV-01,1,0,0,10, No Tax, exclusive,S-TV7,,,,,,,,,,,,,no_image.png,standard
TV0029,តុ បត់ 1.80​m x 0.76m ,,TV-01,1,0,0,10, No Tax, exclusive,S-TV8,,,,,,,,,,,,,no_image.png,standard
TV0030,តុ បត់ 1.50​m ​x 0.76m ,,TV-01,1,0,0,10, No Tax, exclusive,S-TV8,,,,,,,,,,,,,no_image.png,standard
TV0031,តុ បត់ 1.80​m x 0.78m ,,TV-01,1,0,0,10, No Tax, exclusive,S-TV8,,,,,,,,,,,,,no_image.png,standard
TV0032,តុ បត់ 1.50​m ​x 0.78m ,,TV-01,1,0,0,10, No Tax, exclusive,S-TV8,,,,,,,,,,,,,no_image.png,standard
TV0033,តុJY -​61902(1.6m) ,,TV-01,1,0,0,10, No Tax, exclusive,S-TV9,,,,,,,,,,,,,no_image.png,standard
TV0034,តុJY-61901(1.8m),,TV-01,1,0,0,10, No Tax, exclusive,S-TV9,,,,,,,,,,,,,no_image.png,standard
MTT0001,តុប្រជុំ(2403A#) 3.2m,,TV-01,1,480,0,10, No Tax, exclusive,S-TV10,,,,,,,,,,,,,no_image.png,standard
MTT0002,តុប្រជុំ(240B1#) 2.4m,,TV-01,1,260,0,10, No Tax, exclusive,S-TV10,,,,,,,,,,,,,no_image.png,standard
MTT0003,តុប្រជុំ LE MCF2411 (2.4m) ,,TV-01,1,0,0,10, No Tax, exclusive,S-TV10,,,,,,,,,,,,,no_image.png,standard
MTT0004,តុប្រជុំ LE MCF1811  (2m),,TV-01,1,0,0,10, No Tax, exclusive,S-TV10,,,,,,,,,,,,,no_image.png,standard
MTT0005,តុប្រជុំ RECF 2004 ,,TV-01,1,0,0,10, No Tax, exclusive,S-TV10,,,,,,,,,,,,,no_image.png,standard
MTT0006,តុប្រជុំ SVH 2412 (1.2m x 2.4m),,TV-01,1,0,0,10, No Tax, exclusive,S-TV10,,,,,,,,,,,,,no_image.png,standard
MTT0007,តុមូល​ WN R1000,,TV-01,1,58,0,10, No Tax, exclusive,S-TV10,,,,,,,,,,,,,no_image.png,standard
MTT0008,តុមូល AS R1000,,TV-01,1,70,0,10, No Tax, exclusive,S-TV10,,,,,,,,,,,,,no_image.png,standard
MTT0009,តុមូល RV R1000,,TV-01,1,84,0,10, No Tax, exclusive,S-TV10,,,,,,,,,,,,,no_image.png,standard
MTT0010,តុប្រជុំ RE CF1800,,TV-01,1,83,0,10, No Tax, exclusive,S-TV10,,,,,,,,,,,,,no_image.png,standard
MTT0011,តុប្រជុំ RE CF2400,,TV-01,1,123,0,10, No Tax, exclusive,S-TV10,,,,,,,,,,,,,no_image.png,standard
MTT0012,តុប្រជុំ WN CF1800,,TV-01,1,91,0,10, No Tax, exclusive,S-TV10,,,,,,,,,,,,,no_image.png,standard
MTT0013,តុប្រជុំ WN CF2400,,TV-01,1,126,0,10, No Tax, exclusive,S-TV10,,,,,,,,,,,,,no_image.png,standard
MTT0014,តុប្រជុំ LE MCF1811,,TV-01,1,148,0,10, No Tax, exclusive,S-TV10,,,,,,,,,,,,,no_image.png,standard
MTT0015,តុប្រជុំ LE MCF2411,,TV-01,1,171,0,10, No Tax, exclusive,S-TV10,,,,,,,,,,,,,no_image.png,standard
MTT0016,តុប្រជុំ RV CF140,,TV-01,1,0,0,10, No Tax, exclusive,S-TV10,,,,,,,,,,,,,no_image.png,standard
MTT0017,តុប្រជុំ RV CF180,,TV-01,1,136,0,10, No Tax, exclusive,S-TV10,,,,,,,,,,,,,no_image.png,standard
MTT0018,តុប្រជុំ RV CF240,,TV-01,1,156,0,10, No Tax, exclusive,S-TV10,,,,,,,,,,,,,no_image.png,standard
MTT0019,តុប្រជុំ AS CF140,,TV-01,1,0,0,10, No Tax, exclusive,S-TV10,,,,,,,,,,,,,no_image.png,standard
MTT0020,តុប្រជុំ AS CF180,,TV-01,1,121,0,10, No Tax, exclusive,S-TV10,,,,,,,,,,,,,no_image.png,standard
MTT0021,តុប្រជុំ AS CF240,,TV-01,1,142,0,10, No Tax, exclusive,S-TV10,,,,,,,,,,,,,no_image.png,standard
MTT0022,តុប្រជុំ ATOV2412 (ពណ៌Cherry),,TV-01,1,130,0,10, No Tax, exclusive,S-TV10,,,,,,,,,,,,,no_image.png,standard
MTT0023,តុប្រជុំ ATOV2412 (ពណ៌Grey),,TV-01,1,130,0,10, No Tax, exclusive,S-TV10,,,,,,,,,,,,,no_image.png,standard
MTT0024,តុមូល HA R1000,,TV-01,1,59,0,10, No Tax, exclusive,S-TV10,,,,,,,,,,,,,no_image.png,standard
MTT0025,ដំបូលតុ AS MP3 Top,,TV-01,1,11,0,10, No Tax, exclusive,S-TV10,,,,,,,,,,,,,no_image.png,standard
HS0001,តុប្រធាន HS-1601# 1.6m (Set),,TV-01,2,290,0,10, No Tax, exclusive,S-TV11,,,,,,,,,,,,,no_image.png,standard
HS0002,តុប្រធាន HS-1601# 1.8m (Set),,TV-01,2,0,0,10, No Tax, exclusive,S-TV11,,,,,,,,,,,,,no_image.png,standard
HS0003,តុប្រធាន HS-1803# 1.8m (Set),,TV-01,2,0,0,10, No Tax, exclusive,S-TV11,,,,,,,,,,,,,no_image.png,standard
HS0004,តុប្រធាន HS-1803# 2.0m (Set),,TV-01,2,0,0,10, No Tax, exclusive,S-TV11,,,,,,,,,,,,,no_image.png,standard
HS0005,តុប្រធាន HS-1806# 1.6m (Set),,TV-01,2,0,0,10, No Tax, exclusive,S-TV11,,,,,,,,,,,,,no_image.png,standard
HS0006,តុប្រធាន HS-1806# 1.8m (Set),,TV-01,2,0,0,10, No Tax, exclusive,S-TV11,,,,,,,,,,,,,no_image.png,standard
HS0007,តុប្រធាន HS-1811# 1.6m (Set),,TV-01,2,0,0,10, No Tax, exclusive,S-TV11,,,,,,,,,,,,,no_image.png,standard
HS0008,តុប្រធាន HS-1811# 1.8m (Set),,TV-01,2,0,0,10, No Tax, exclusive,S-TV11,,,,,,,,,,,,,no_image.png,standard
HS0009,តុប្រធាន HS-1812# 1.8m (Set),,TV-01,2,345,0,10, No Tax, exclusive,S-TV11,,,,,,,,,,,,,no_image.png,standard
HS0010,តុប្រធាន HS-1812# 2.0m (Set),,TV-01,2,420,0,10, No Tax, exclusive,S-TV11,,,,,,,,,,,,,no_image.png,standard
HS0011,តុប្រធាន HS-1813# 1.8m (Set),,TV-01,2,0,0,10, No Tax, exclusive,S-TV11,,,,,,,,,,,,,no_image.png,standard
HS0012,តុប្រធាន HS-1813# 2.0m (Set),,TV-01,2,395,0,10, No Tax, exclusive,S-TV11,,,,,,,,,,,,,no_image.png,standard
HS0013,តុប្រធាន HS-1819# 1.8m (Set),,TV-01,2,348,0,10, No Tax, exclusive,S-TV11,,,,,,,,,,,,,no_image.png,standard
HS0014,តុប្រធាន HS-1819# 2.0m (Set),,TV-01,2,425,0,10, No Tax, exclusive,S-TV11,,,,,,,,,,,,,no_image.png,standard
HS0015,តុប្រធាន HS-1830# 2.0m (Set),,TV-01,2,0,0,10, No Tax, exclusive,S-TV11,,,,,,,,,,,,,no_image.png,standard
HS0016,តុប្រធាន HS-1830# 1.8m (Set),,TV-01,2,345,0,10, No Tax, exclusive,S-TV11,,,,,,,,,,,,,no_image.png,standard
HS0017,តុប្រធាន HS-1830# 1.6m (Set),,TV-01,2,290,0,10, No Tax, exclusive,S-TV11,,,,,,,,,,,,,no_image.png,standard
HS0018,តុប្រធាន HS-1833# 1.8m (Set),,TV-01,2,0,0,10, No Tax, exclusive,S-TV11,,,,,,,,,,,,,no_image.png,standard
HS0019,តុប្រធាន HS-1833# 2.0m (Set),,TV-01,2,420,0,10, No Tax, exclusive,S-TV11,,,,,,,,,,,,,no_image.png,standard
HS0020,តុប្រធាន HS-1860# 1.8m (Set),,TV-01,2,380,0,10, No Tax, exclusive,S-TV11,,,,,,,,,,,,,no_image.png,standard
HS0021,តុប្រធាន HS-1860# 2.0m (Set),,TV-01,2,440,0,10, No Tax, exclusive,S-TV11,,,,,,,,,,,,,no_image.png,standard
HS0022,តុប្រធាន HS-1861# 1.8m (Set),,TV-01,2,380,0,10, No Tax, exclusive,S-TV11,,,,,,,,,,,,,no_image.png,standard
HS0023,តុប្រធាន HS-1861# 2.0m (Set),,TV-01,2,440,0,10, No Tax, exclusive,S-TV11,,,,,,,,,,,,,no_image.png,standard
HS0024,តុប្រធាន HS-1862# 1.8m (Set),,TV-01,2,380,0,10, No Tax, exclusive,S-TV11,,,,,,,,,,,,,no_image.png,standard
HS0025,តុប្រធាន HS-1862# 2.0m (Set),,TV-01,2,440,0,10, No Tax, exclusive,S-TV11,,,,,,,,,,,,,no_image.png,standard
HS0026,តុប្រធាន HS-2009# 1.6m (Set),,TV-01,2,0,0,10, No Tax, exclusive,S-TV11,,,,,,,,,,,,,no_image.png,standard
HS0027,តុប្រធាន HS-2009# 1.8m (Set),,TV-01,2,0,0,10, No Tax, exclusive,S-TV11,,,,,,,,,,,,,no_image.png,standard
HS0028,តុប្រធាន HS-2010# 2.0m (Set),,TV-01,2,0,0,10, No Tax, exclusive,S-TV11,,,,,,,,,,,,,no_image.png,standard
HS0029,តុប្រធាន HS-2489# 2.2m (Set),,TV-01,2,450,0,10, No Tax, exclusive,S-TV11,,,,,,,,,,,,,no_image.png,standard
HS0030,តុប្រធាន HS-3211# 2.4m (Set),,TV-01,2,525,0,10, No Tax, exclusive,S-TV11,,,,,,,,,,,,,no_image.png,standard
TBS0001,តុ​សរសេរ Begin 1m ពណ៌ខ្មៅ,,TV-01,1,0,0,10, No Tax, exclusive,S-TV12,,,,,,,,,,,,,no_image.png,standard
TBS0002,តុ​សរសេរ Begin 1m ពណ៌ក្រហម,,TV-01,1,0,0,10, No Tax, exclusive,S-TV12,,,,,,,,,,,,,no_image.png,standard
TBS0003,តុ​សរសេរ Begin 1m ពណ៌ពងមាន់,,TV-01,1,0,0,10, No Tax, exclusive,S-TV12,,,,,,,,,,,,,no_image.png,standard
TB0001,តុ 1402# 1m4,,TV-01,1,0,0,10, No Tax, exclusive,S-TV13,,,,,,,,,,,,,no_image.png,standard
TB0002,តុ 1402# 1m6,,TV-01,1,0,0,10, No Tax, exclusive,S-TV13,,,,,,,,,,,,,no_image.png,standard
TB0003,តុ OD-04 1m5,,TV-01,1,0,0,10, No Tax, exclusive,S-TV13,,,,,,,,,,,,,no_image.png,standard
TB0004,តុ LE1200 ,,TV-01,1,72,0,10, No Tax, exclusive,S-TV13,,,,,,,,,,,,,no_image.png,standard
TB0005,តុ LE1600,,TV-01,1,85,0,10, No Tax, exclusive,S-TV13,,,,,,,,,,,,,no_image.png,standard
TB0006,តុ LE1800,,TV-01,1,98,0,10, No Tax, exclusive,S-TV13,,,,,,,,,,,,,no_image.png,standard
TB0007,តុ LE SR90,,TV-01,1,41,0,10, No Tax, exclusive,S-TV13,,,,,,,,,,,,,no_image.png,standard
TB0008,តុ RV 1200,,TV-01,1,62,0,10, No Tax, exclusive,S-TV13,,,,,,,,,,,,,no_image.png,standard
TB0009,តុ RV 1500,,TV-01,1,72,0,10, No Tax, exclusive,S-TV13,,,,,,,,,,,,,no_image.png,standard
TB0010,តុ RV 1800/S,,TV-01,1,86,0,10, No Tax, exclusive,S-TV13,,,,,,,,,,,,,no_image.png,standard
TB0011,តុ RV 1800curve,,TV-01,1,96,0,10, No Tax, exclusive,S-TV13,,,,,,,,,,,,,no_image.png,standard
TB0012,តុ RV 800 UFS,,TV-01,1,64,0,10, No Tax, exclusive,S-TV13,,,,,,,,,,,,,no_image.png,standard
TB0013,តុ HA 1200,,TV-01,1,56,0,10, No Tax, exclusive,S-TV13,,,,,,,,,,,,,no_image.png,standard
TB0014,តុ​​ HA 1200/s,,TV-01,1,51,0,10, No Tax, exclusive,S-TV13,,,,,,,,,,,,,no_image.png,standard
TB0015,តុ​​ HA 1212 ,,TV-01,1,116,0,10, No Tax, exclusive,S-TV13,,,,,,,,,,,,,no_image.png,standard
TB0016,តុ​​ HA 1500,,TV-01,1,63,0,10, No Tax, exclusive,S-TV13,,,,,,,,,,,,,no_image.png,standard
TB0017,តុ​​ HA 1800,,TV-01,1,91,0,10, No Tax, exclusive,S-TV13,,,,,,,,,,,,,no_image.png,standard
TB0018,តុ​​ HA 1880,,TV-01,1,101,0,10, No Tax, exclusive,S-TV13,,,,,,,,,,,,,no_image.png,standard
TB0019,តុ​​ HA 800,,TV-01,1,49,0,10, No Tax, exclusive,S-TV13,,,,,,,,,,,,,no_image.png,standard
TB0020,តុ​ HA Sr90​,,TV-01,1,33,0,10, No Tax, exclusive,S-TV13,,,,,,,,,,,,,no_image.png,standard
TB0021,តុ WN 1200,,TV-01,1,52,0,10, No Tax, exclusive,S-TV13,,,,,,,,,,,,,no_image.png,standard
TB0022,តុ WN 1500,,TV-01,1,61,0,10, No Tax, exclusive,S-TV13,,,,,,,,,,,,,no_image.png,standard
TB0023,តុ WN 1800,,TV-01,1,89,0,10, No Tax, exclusive,S-TV13,,,,,,,,,,,,,no_image.png,standard
TB0024,តុ WN 800 UFS,,TV-01,1,49,0,10, No Tax, exclusive,S-TV13,,,,,,,,,,,,,no_image.png,standard
TB0025,តុ​ WN SR120,,TV-01,1,36,0,10, No Tax, exclusive,S-TV13,,,,,,,,,,,,,no_image.png,standard
TB0026,តុ​ WN SR90,,TV-01,1,33,0,10, No Tax, exclusive,S-TV13,,,,,,,,,,,,,no_image.png,standard
TB0027,តុ AS 1200,,TV-01,1,60,0,10, No Tax, exclusive,S-TV13,,,,,,,,,,,,,no_image.png,standard
TB0028,តុ AS 1500,,TV-01,1,69,0,10, No Tax, exclusive,S-TV13,,,,,,,,,,,,,no_image.png,standard
TB0029,តុ AS 1800/s,,TV-01,1,76,0,10, No Tax, exclusive,S-TV13,,,,,,,,,,,,,no_image.png,standard
TB0030,តុ AS 1800curve,,TV-01,1,95,0,10, No Tax, exclusive,S-TV13,,,,,,,,,,,,,no_image.png,standard
TB0031,តុ AS 800 UFS,,TV-01,1,58,0,10, No Tax, exclusive,S-TV13,,,,,,,,,,,,,no_image.png,standard
TB0032,តុ​ AS SR120,,TV-01,1,41,0,10, No Tax, exclusive,S-TV13,,,,,,,,,,,,,no_image.png,standard
TB0033,តុ AS SR90,,TV-01,1,37,0,10, No Tax, exclusive,S-TV13,,,,,,,,,,,,,no_image.png,standard
DRO0001,ថត Workstations,,TV-01,1,0,0,10, No Tax, exclusive,S-TV14,,,,,,,,,,,,,no_image.png,standard
DRO0002,ថតតុ LE F33,,TV-01,1,56,0,10, No Tax, exclusive,S-TV14,,,,,,,,,,,,,no_image.png,standard
DRO0003,ថត LE M21,,TV-01,1,76,0,10, No Tax, exclusive,S-TV14,,,,,,,,,,,,,no_image.png,standard
DRO0004,ថត LE PED21,,TV-01,1,91,0,10, No Tax, exclusive,S-TV14,,,,,,,,,,,,,no_image.png,standard
DRO0005,ថតតុ ​HA F33/WG,,TV-01,1,39,0,10, No Tax, exclusive,S-TV14,,,,,,,,,,,,,no_image.png,standard
DRO0006,ថតតុ ​HA LC4D,,TV-01,1,51,0,10, No Tax, exclusive,S-TV14,,,,,,,,,,,,,no_image.png,standard
DRO0007,ថតតុ HA M21/WG,,TV-01,1,63,0,10, No Tax, exclusive,S-TV14,,,,,,,,,,,,,no_image.png,standard
DRO0008,ថត​ HA S22/WG,,TV-01,1,22,0,10, No Tax, exclusive,S-TV14,,,,,,,,,,,,,no_image.png,standard
DRO0009,ថតតុ WN FM33,,TV-01,1,40,0,10, No Tax, exclusive,S-TV14,,,,,,,,,,,,,no_image.png,standard
DRO0010,ថតតុ WN M21,,TV-01,1,66,0,10, No Tax, exclusive,S-TV14,,,,,,,,,,,,,no_image.png,standard
DRO0011,ថតតុ WN S22,,TV-01,1,20,0,10, No Tax, exclusive,S-TV14,,,,,,,,,,,,,no_image.png,standard
DRO0012,ថត AS FM33,,TV-01,1,40,0,10, No Tax, exclusive,S-TV14,,,,,,,,,,,,,no_image.png,standard
DRO0013,ថតរុញ AS M21,,TV-01,1,61,0,10, No Tax, exclusive,S-TV14,,,,,,,,,,,,,no_image.png,standard
DRO0014,ថតតុ AS S22,,TV-01,1,19,0,10, No Tax, exclusive,S-TV14,,,,,,,,,,,,,no_image.png,standard
DRO0015,ថតតុ RV S22,,TV-01,1,21,0,10, No Tax, exclusive,S-TV14,,,,,,,,,,,,,no_image.png,standard
DRO0016,ថតរុញ RV M21,,TV-01,1,65,0,10, No Tax, exclusive,S-TV14,,,,,,,,,,,,,no_image.png,standard
DRO0017,ថត RV FM33,,TV-01,1,42,0,10, No Tax, exclusive,S-TV14,,,,,,,,,,,,,no_image.png,standard
DRO0018,ដំបូលថតតុ​ WN M33top,,TV-01,1,10,0,10, No Tax, exclusive,S-TV14,,,,,,,,,,,,,no_image.png,standard
DRO0019,ដំបូលថតតុ HA MP3 Top,,TV-01,1,11,0,10, No Tax, exclusive,S-TV14,,,,,,,,,,,,,no_image.png,standard
DRO0020,ដំបូលតុមូល RV MP3 Top,,TV-01,1,13,0,10, No Tax, exclusive,S-TV14,,,,,,,,,,,,,no_image.png,standard
TBL0001,តុកែង​​ HA 9216/L,,TV-01,1,112,0,10, No Tax, exclusive,S-TV15,,,,,,,,,,,,,no_image.png,standard
TBL0002,តុកែង​​ HA 9216/R,,TV-01,1,112,0,10, No Tax, exclusive,S-TV15,,,,,,,,,,,,,no_image.png,standard
TBL0003,តុកែង LE9216/L,,TV-01,1,133,0,10, No Tax, exclusive,S-TV15,,,,,,,,,,,,,no_image.png,standard
TBL0004,តុកែង LE9216/R,,TV-01,1,133,0,10, No Tax, exclusive,S-TV15,,,,,,,,,,,,,no_image.png,standard
TBL0005,តុកែង OF888(L)CH,,TV-01,1,68,0,10, No Tax, exclusive,S-TV15,,,,,,,,,,,,,no_image.png,standard
TBL0006,តុកែង OF888(R)CH,,TV-01,1,68,0,10, No Tax, exclusive,S-TV15,,,,,,,,,,,,,no_image.png,standard
TBL0007,កែងតុ HACT70,,TV-01,1,36,0,10, No Tax, exclusive,S-TV15,,,,,,,,,,,,,no_image.png,standard
TBL0008,កែងតុ HACT90,,TV-01,1,26,0,10, No Tax, exclusive,S-TV15,,,,,,,,,,,,,no_image.png,standard
TBL0009,កែងតុ​ HA HRCT,,TV-01,1,44,0,10, No Tax, exclusive,S-TV15,,,,,,,,,,,,,no_image.png,standard
TBL0010,កែងតុ WN CT70,,TV-01,1,35,0,10, No Tax, exclusive,S-TV15,,,,,,,,,,,,,no_image.png,standard
TBL0011,កែងតុ WN CT90,,TV-01,1,23,0,10, No Tax, exclusive,S-TV15,,,,,,,,,,,,,no_image.png,standard
TBL0012,កែងតុ WN HRT126,,TV-01,1,37,0,10, No Tax, exclusive,S-TV15,,,,,,,,,,,,,no_image.png,standard
TBL0013,កែងតុ WN HRT157,,TV-01,1,69,0,10, No Tax, exclusive,S-TV15,,,,,,,,,,,,,no_image.png,standard
TBL0014,កែង​ AS CT,,TV-01,1,35,0,10, No Tax, exclusive,S-TV15,,,,,,,,,,,,,no_image.png,standard
TBL0015,កែង AS CT70,,TV-01,1,37,0,10, No Tax, exclusive,S-TV15,,,,,,,,,,,,,no_image.png,standard
TBL0016,កែង AS HRT126,,TV-01,1,44,0,10, No Tax, exclusive,S-TV15,,,,,,,,,,,,,no_image.png,standard
TBL0017,កែង AS HRT157,,TV-01,1,74,0,10, No Tax, exclusive,S-TV15,,,,,,,,,,,,,no_image.png,standard
TBL0018,កែង RV CPU,,TV-01,1,12,0,10, No Tax, exclusive,S-TV15,,,,,,,,,,,,,no_image.png,standard
TBL0019,កែង RV CT,,TV-01,1,35,0,10, No Tax, exclusive,S-TV15,,,,,,,,,,,,,no_image.png,standard
TBL0020,កែង RV CT70,,TV-01,1,37,0,10, No Tax, exclusive,S-TV15,,,,,,,,,,,,,no_image.png,standard
TBL0021,កែង RV HRT126,,TV-01,1,45,0,10, No Tax, exclusive,S-TV15,,,,,,,,,,,,,no_image.png,standard
TBL0022,កែង RV HRT157 UFS,,TV-01,1,79,0,10, No Tax, exclusive,S-TV15,,,,,,,,,,,,,no_image.png,standard
TBL0023,កែង​ RV SR120,,TV-01,1,9,0,10, No Tax, exclusive,S-TV15,,,,,,,,,,,,,no_image.png,standard
TBL0024,កែង​ RV SR90,,TV-01,1,45,0,10, No Tax, exclusive,S-TV15,,,,,,,,,,,,,no_image.png,standard
TBL0025,កែង​ RV RCT,,TV-01,1,66,0,10, No Tax, exclusive,S-TV15,,,,,,,,,,,,,no_image.png,standard
TBL0026,ជើង​ AS SP,,TV-01,1,9,0,10, No Tax, exclusive,S-TV15,,,,,,,,,,,,,no_image.png,standard
TBL0027,KB (Keyboard Tray),,TV-01,1,12,0,10, No Tax, exclusive,S-TV15,,,,,,,,,,,,,no_image.png,standard
TBL0028,ជើងទ្រ​ ML (Metal Leg),,TV-01,1,17,0,10, No Tax, exclusive,S-TV15,,,,,,,,,,,,,no_image.png,standard
TBL0029,ជើង WN CB,,TV-01,1,9,0,10, No Tax, exclusive,S-TV15,,,,,,,,,,,,,no_image.png,standard
TBL0030,ជើង AS CB,,TV-01,1,9,0,10, No Tax, exclusive,S-TV15,,,,,,,,,,,,,no_image.png,standard
TBL0031,ជើង HA CB ,,TV-01,1,9,0,10, No Tax, exclusive,S-TV15,,,,,,,,,,,,,no_image.png,standard
TBL0032,ជើង HA CPU,,TV-01,1,12,0,10, No Tax, exclusive,S-TV15,,,,,,,,,,,,,no_image.png,standard
TBL0033,ជើង RV CB,,TV-01,1,9,0,10, No Tax, exclusive,S-TV15,,,,,,,,,,,,,no_image.png,standard
GDTB0001,តុសួនសម្រាប់ 4នាក់ SD192 ,,TV-01,2,368,0,10, No Tax, exclusive,S-TV16,,,,,,,,,,,,,no_image.png,standard
GDTB0002,តុសួនសម្រាប់ 2នាក់ SD104,,TV-01,2,145,0,10, No Tax, exclusive,S-TV16,,,,,,,,,,,,,no_image.png,standard
GDTB0003,កៅអីដែកសួន SD-ST05,,TV-01,1,98,0,10, No Tax, exclusive,S-TV16,,,,,,,,,,,,,no_image.png,standard
GDTB0004,តុឈុតក្រៅផ្ទះសម្រាប់4នាក់ 1576,,TV-01,2,330,0,10, No Tax, exclusive,S-TV16,,,,,,,,,,,,,no_image.png,standard
GDTB0005,តុDoro ,,TV-01,1,115,0,10, No Tax, exclusive,S-TV16,,,,,,,,,,,,,no_image.png,standard
GDTB0006,កៅអី Hibrid,,TV-01,1,37.5,0,10, No Tax, exclusive,S-TV16,,,,,,,,,,,,,no_image.png,standard
SOFA0001,សាឡុង TOKYO 9915 (set ),,TV-01,2,410,0,10, No Tax, exclusive,S-TV17,,,,,,,,,,,,,no_image.png,standard
SOFA0002,Sofa FA3014 (1set),,TV-01,2,430,0,10, No Tax, exclusive,S-TV17,,,,,,,,,,,,,no_image.png,standard
SOFA0003,Sofa F3021 (1set),,TV-01,2,430,0,10, No Tax, exclusive,S-TV17,,,,,,,,,,,,,no_image.png,standard
SOFA0004,Sofa FA3005 (1set),,TV-01,2,0,0,10, No Tax, exclusive,S-TV17,,,,,,,,,,,,,no_image.png,standard
SOFA0005,Sofa FA3008+HF003 (1នាក់),,TV-01,2,98,0,10, No Tax, exclusive,S-TV17,,,,,,,,,,,,,no_image.png,standard
SOFA0006,Sofa FA3008+FA003 (2នាក់),,TV-01,2,138,0,10, No Tax, exclusive,S-TV17,,,,,,,,,,,,,no_image.png,standard
SOFA0007,តុមូលតូច FF2018 (0.6m),,TV-01,1,48,0,10, No Tax, exclusive,S-TV17,,,,,,,,,,,,,no_image.png,standard
SOFA0008,Sofa FA3001+FH001 ,,TV-01,1,390,0,10, No Tax, exclusive,S-TV17,,,,,,,,,,,,,no_image.png,standard
SOFA0009,សាឡុង CFL275R,,TV-01,2,490,0,10, No Tax, exclusive,S-TV17,,,,,,,,,,,,,no_image.png,standard
SOFA0010,សាឡុង CFL275L,,TV-01,2,490,0,10, No Tax, exclusive,S-TV17,,,,,,,,,,,,,no_image.png,standard
SOFA0011,សាឡុង CFL307S2+3,,TV-01,2,590,0,10, No Tax, exclusive,S-TV17,,,,,,,,,,,,,no_image.png,standard
SOFA0012,Sofa Bed CFL-SB014,,TV-01,1,260,0,10, No Tax, exclusive,S-TV17,,,,,,,,,,,,,no_image.png,standard
SOFA0013,Sofa Bed CFL-250,,TV-01,1,260,0,10, No Tax, exclusive,S-TV17,,,,,,,,,,,,,no_image.png,standard
SOFA0014,Sofa Bed CFL-013,,TV-01,1,220,0,10, No Tax, exclusive,S-TV17,,,,,,,,,,,,,no_image.png,standard
SOFA0015,Sofa CFE-234R,,TV-01,1,670,0,10, No Tax, exclusive,S-TV17,,,,,,,,,,,,,no_image.png,standard
SOFA0016,សាឡុង 01 ពណ៌ពងមាន់,,TV-01,1,260,0,10, No Tax, exclusive,S-TV17,,,,,,,,,,,,,no_image.png,standard
SOFA0017,សាឡុង 01 ពណ៌ខ្មៅ,,TV-01,1,260,0,10, No Tax, exclusive,S-TV17,,,,,,,,,,,,,no_image.png,standard
SOFA0018,សាឡុងម៉ាឡេ​​ ពណ៌​ឈើ(321),,TV-01,1,490,0,10, No Tax, exclusive,S-TV17,,,,,,,,,,,,,no_image.png,standard
SOFA0019,សាឡុង​ម៉ាឡេ​​ ពណ៌ខ្មៅ (322),,TV-01,1,490,0,10, No Tax, exclusive,S-TV17,,,,,,,,,,,,,no_image.png,standard
SOFA0020,សាឡុងម៉ាឡេ​​ ពណ៌​ឈើ (330),,TV-01,2,530,0,10, No Tax, exclusive,S-TV17,,,,,,,,,,,,,no_image.png,standard
SOFA0021,សាឡុងម៉ាឡេ​ ពណ៌ស (330),,TV-01,2,530,0,10, No Tax, exclusive,S-TV17,,,,,,,,,,,,,no_image.png,standard
SOFA0022,សាឡុងឈុតម៉ាឡេ ពណ៌កាហ្វេ,,TV-01,1,0,0,10, No Tax, exclusive,S-TV17,,,,,,,,,,,,,no_image.png,standard
SOFA0023,សាឡុងឈុតម៉ាឡេ ពណ៌ប្រផេះ,,TV-01,1,0,0,10, No Tax, exclusive,S-TV17,,,,,,,,,,,,,no_image.png,standard
SOFA0024,សាឡុងម៉ាឡេ ពណ៌ស (ផ្ទៃមេឃ) ធំ,,TV-01,1,0,0,10, No Tax, exclusive,S-TV17,,,,,,,,,,,,,no_image.png,standard
SOFA0025,សាឡុងស្បែកម៉ាឡេ (ពណ៌ខ្មៅ),,TV-01,1,0,0,10, No Tax, exclusive,S-TV17,,,,,,,,,,,,,no_image.png,standard
SOFA0026,សាឡុងគ្រែម៉ាឡេ (Green),,TV-01,1,0,0,10, No Tax, exclusive,S-TV17,,,,,,,,,,,,,no_image.png,standard
SOFA0027,សាឡុងម៉ាឡេ ពណ៌កាហ្វេ (អង្គុយពីរនាក់),,TV-01,1,0,0,10, No Tax, exclusive,S-TV17,,,,,,,,,,,,,no_image.png,standard
SOFA0028,សាឡុងកែងផ្កា + តុ,,TV-01,2,285,0,10, No Tax, exclusive,S-TV17,,,,,,,,,,,,,no_image.png,standard
SOFA0029,សាឡុងកែងស្បែកម៉ាឡេ​ ពណ៌ទឹកដោះគោ,,TV-01,2,0,0,10, No Tax, exclusive,S-TV17,,,,,,,,,,,,,no_image.png,standard
SOFA0030,សាឡុងកែងស្បែកម៉ាឡេ​ ពណ៌កាហ្វេ,,TV-01,2,0,0,10, No Tax, exclusive,S-TV17,,,,,,,,,,,,,no_image.png,standard
SOFA0031,សាឡុងជ្រុង ពណ៌ខ្មៅ,,TV-01,2,120,0,10, No Tax, exclusive,S-TV17,,,,,,,,,,,,,no_image.png,standard
SOFA0032,សាឡុងជ្រុង ពណ៌សុកូឡា,,TV-01,2,120,0,10, No Tax, exclusive,S-TV17,,,,,,,,,,,,,no_image.png,standard
SOFA0033,សាឡុងជ្រុង ពណ៌ប្រផេះ,,TV-01,2,120,0,10, No Tax, exclusive,S-TV17,,,,,,,,,,,,,no_image.png,standard
SOFA0034,សាឡុងដៃឈើ ពណ៌ខ្មៅ,,TV-01,2,200,0,10, No Tax, exclusive,S-TV17,,,,,,,,,,,,,no_image.png,standard
SOFA0035,សាឡុងដៃឈើ ពណ៌ប្រផេះ,,TV-01,2,200,0,10, No Tax, exclusive,S-TV17,,,,,,,,,,,,,no_image.png,standard
SOFA0036,សាឡុងដៃឈើ ពណ៌សុកូឡា,,TV-01,2,200,0,10, No Tax, exclusive,S-TV17,,,,,,,,,,,,,no_image.png,standard
SOFA0037,តុ Sofa ពណ៌ខ្មៅ,,TV-01,2,45,0,10, No Tax, exclusive,S-TV17,,,,,,,,,,,,,no_image.png,standard
SOFA0038,តុ Sofa ពណ៌ប្រផេះ,,TV-01,2,45,0,10, No Tax, exclusive,S-TV17,,,,,,,,,,,,,no_image.png,standard
SOFA0039,តុ Sofa ពណ៌សុកូឡា,,TV-01,2,45,0,10, No Tax, exclusive,S-TV17,,,,,,,,,,,,,no_image.png,standard
SOFA0040,តុ Sofa ពណ៌ពងមាន់,,TV-01,2,45,0,10, No Tax, exclusive,S-TV17,,,,,,,,,,,,,no_image.png,standard
SOFA0041,សាឡុងឈើម៉ាឡេកែង ពណ៌ស,,TV-01,2,0,0,10, No Tax, exclusive,S-TV17,,,,,,,,,,,,,no_image.png,standard
SOFA0042,សាឡុងគ្រែ ពណ៌ផ្កាម៉ោងដប់,,TV-01,2,0,0,10, No Tax, exclusive,S-TV17,,,,,,,,,,,,,no_image.png,standard
SOFA0043,សាឡុងឈុតថៃ ពណ៌ក្រហម,,TV-01,2,0,0,10, No Tax, exclusive,S-TV17,,,,,,,,,,,,,no_image.png,standard
SOFA0044,សាឡុងកែងក្រណាត់ ពណ៌ប្រផេះ,,TV-01,2,0,0,10, No Tax, exclusive,S-TV17,,,,,,,,,,,,,no_image.png,standard
SOFA0045,សាឡុងកែងក្រណាត់ ពណ៌ទឹកដោះគោ,,TV-01,2,0,0,10, No Tax, exclusive,S-TV17,,,,,,,,,,,,,no_image.png,standard
SOFA0046,សាឡុងគ្រែ ការ៉ូ,,TV-01,2,0,0,10, No Tax, exclusive,S-TV17,,,,,,,,,,,,,no_image.png,standard
SOFA0047,សាឡុងកែងស្បែកធំ ពណ៌ប្រផេះ,,TV-01,2,0,0,10, No Tax, exclusive,S-TV17,,,,,,,,,,,,,no_image.png,standard
SOFA0048,សាឡុងកែងស្បែកលាយក្រណាត់ PP,,TV-01,2,0,0,10, No Tax, exclusive,S-TV17,,,,,,,,,,,,,no_image.png,standard
CBO-0001,ទូឯកសារឈើ SM02D-805 (GY),,CBO-01,1,50,0,10, No Tax, exclusive,S-CBO1,,,,,,,,,,,,,no_image.png,standard
CBO-0002,ទូឯកសារឈើ SM02D-805 (CH),,CBO-01,1,50,0,10, No Tax, exclusive,S-CBO1,,,,,,,,,,,,,no_image.png,standard
CBO-0003,ទូឯកសារឈើ SM02D-805 (DOW),,CBO-01,1,50,0,10, No Tax, exclusive,S-CBO1,,,,,,,,,,,,,no_image.png,standard
CBO-0004,ទូឯកសារឈើ SM01D-805 ( GY),,CBO-01,1,70,0,10, No Tax, exclusive,S-CBO1,,,,,,,,,,,,,no_image.png,standard
CBO-0005,ទូឯកសារឈើ SM01D-805 (CH),,CBO-01,1,70,0,10, No Tax, exclusive,S-CBO1,,,,,,,,,,,,,no_image.png,standard
CBO-0006,ទូឯកសារឈើ SM01D-805 (DOW),,CBO-01,1,70,0,10, No Tax, exclusive,S-CBO1,,,,,,,,,,,,,no_image.png,standard
CBO-0007,ទូឯកសារ1.2mអត់ទ្វារ 15ថត ពណ៌ស,,CBO-01,1,65,0,10, No Tax, exclusive,S-CBO2,,,,,,,,,,,,,no_image.png,standard
CBO-0008,ទូឯកសារ1.2mអត់ទ្វារ 15ថត ពណ៌ឈើ,,CBO-01,1,65,0,10, No Tax, exclusive,S-CBO2,,,,,,,,,,,,,no_image.png,standard
CBO-0009,ទូឯកសារ1.2mអត់ទ្វារ 15ថត ពណ៌ខ្មៅ,,CBO-01,1,65,0,10, No Tax, exclusive,S-CBO2,,,,,,,,,,,,,no_image.png,standard
CBO-0010,ទូឯកសារ1.2mអត់ទ្វារ 15ថត ពណ៌ពងមាន់,,CBO-01,1,65,0,10, No Tax, exclusive,S-CBO2,,,,,,,,,,,,,no_image.png,standard
CBO-0011,ទូឯកសារ0.8mអត់ទ្វារ 10ថត ពណ៌ស,,CBO-01,1,55,0,10, No Tax, exclusive,S-CBO3,,,,,,,,,,,,,no_image.png,standard
CBO-0012,ទូឯកសារ0.8mអត់ទ្វា 10ថត ពណ៌ឈើ,,CBO-01,1,55,0,10, No Tax, exclusive,S-CBO3,,,,,,,,,,,,,no_image.png,standard
CBO-0013,ទូឯកសារ0.8mអត់ទ្វា 10ថត ពណ៌ខ្មៅ,,CBO-01,1,55,0,10, No Tax, exclusive,S-CBO3,,,,,,,,,,,,,no_image.png,standard
CBO-0014,ទូឯកសារ0.8mអត់ទ្វា 10ថត ពណ៌ពងមាន់,,CBO-01,1,55,0,10, No Tax, exclusive,S-CBO3,,,,,,,,,,,,,no_image.png,standard
CB3-0001,ទូឯកសារកញ្ចក់ (8034-3) ទ្វារ3 ពណ៌ស,,CBO-01,1,105,0,10, No Tax, exclusive,S-CBO4,,,,,,,,,,,,,no_image.png,standard
CB3-0002,ទូឯកសារកញ្ចក់ (8034-3) ទ្វារ3 ពណ៌ខ្មៅ,,CBO-01,1,105,0,10, No Tax, exclusive,S-CBO4,,,,,,,,,,,,,no_image.png,standard
CB3-0003,ទូឯកសារកញ្ចក់ (8034-3) ទ្វារ3 ពណ៌ទុំព្រីង,,CBO-01,1,105,0,10, No Tax, exclusive,S-CBO4,,,,,,,,,,,,,no_image.png,standard
CB2-0001,ទូឯកសារ (9052) ទ្វារ2,,CBO-01,1,110,0,10, No Tax, exclusive,S-CBO5,,,,,,,,,,,,,no_image.png,standard
CB2-0002,ទូឯកសារ (9053) ទ្វារ3,,CBO-01,1,130,0,10, No Tax, exclusive,S-CBO5,,,,,,,,,,,,,no_image.png,standard
CB2-0003,ទូឯកសារ (9014) ទ្វារ4,,CBO-01,1,170,0,10, No Tax, exclusive,S-CBO5,,,,,,,,,,,,,no_image.png,standard
CB2-0005,ទូសៀវភៅ STD 902 ពណ៌ស,,CBO-01,1,90,0,10, No Tax, exclusive,S-CBO6,,,,,,,,,,,,,no_image.png,standard
CB2-0006,ទូសៀវភៅ STD 902 ពណ៌បេង,,CBO-01,1,90,0,10, No Tax, exclusive,S-CBO6,,,,,,,,,,,,,no_image.png,standard
CBS0001,ទូឯកសារ S4-DAG ពណ៌ក្រហម,,CBO-01,1,67,0,10, No Tax, exclusive,S-CBO7,,,,,,,,,,,,,no_image.png,standard
CBS0002,ទូឯកសារ S4-DAG ពណ៌ខ្មៅ,,CBO-01,1,67,0,10, No Tax, exclusive,S-CBO7,,,,,,,,,,,,,no_image.png,standard
CBS0003,ទូឯកសារ S4-DAG ពណ៌ពងមាន់,,CBO-01,1,67,0,10, No Tax, exclusive,S-CBO7,,,,,,,,,,,,,no_image.png,standard
CBS0004,ទូឯកសារ S4-DAG ពណ៌រេស៊ីកា,,CBO-01,1,67,0,10, No Tax, exclusive,S-CBO7,,,,,,,,,,,,,no_image.png,standard
CBS0005,ទូឯកសារ S4-DAG ពណ៌​ Cappucino,,CBO-01,1,67,0,10, No Tax, exclusive,S-CBO7,,,,,,,,,,,,,no_image.png,standard
CBS0006,ទូឯកសារ S2-DAG ពណ៌ក្រហម,,CBO-01,1,48,0,10, No Tax, exclusive,S-CBO8,,,,,,,,,,,,,no_image.png,standard
CBS0007,ទូឯកសារ S2-DAG ពណ៌ខ្មៅ,,CBO-01,1,48,0,10, No Tax, exclusive,S-CBO8,,,,,,,,,,,,,no_image.png,standard
CBS0008,ទូឯកសារ S2-DAG ពណ៌ពងមាន់,,CBO-01,1,48,0,10, No Tax, exclusive,S-CBO8,,,,,,,,,,,,,no_image.png,standard
CBS0009,ទូឯកសារ S2-DAG ពណ៌រេស៊ីកា,,CBO-01,1,48,0,10, No Tax, exclusive,S-CBO8,,,,,,,,,,,,,no_image.png,standard
CBS0010,ទូឯកសារ S2-DAG ពណ៌ Cappucino,,CBO-01,1,48,0,10, No Tax, exclusive,S-CBO8,,,,,,,,,,,,,no_image.png,standard
CBS0011,ទូឯកសារ S1-DAG ពណ៌ក្រហម,,CBO-01,1,38,0,10, No Tax, exclusive,S-CBO9,,,,,,,,,,,,,no_image.png,standard
CBS0012,ទូឯកសារ S1-DAG ពណ៌ខ្មៅ,,CBO-01,1,38,0,10, No Tax, exclusive,S-CBO9,,,,,,,,,,,,,no_image.png,standard
CBS0013,ទូឯកសារ S1-DAG ពណ៌ពងមាន់,,CBO-01,1,38,0,10, No Tax, exclusive,S-CBO9,,,,,,,,,,,,,no_image.png,standard
CBS0014,ទូឯកសារ S1-DAG ពណ៌Rijeka Oak (រេស៊ីកា),,CBO-01,1,38,0,10, No Tax, exclusive,S-CBO9,,,,,,,,,,,,,no_image.png,standard
CBS0015,ទូឯកសារ S1-DAG ពណ៌ Cappucino,,CBO-01,1,38,0,10, No Tax, exclusive,S-CBO9,,,,,,,,,,,,,no_image.png,standard
SHC0001,ទូស្បែកជើង (YK 3900 D0) ទ្វារក្រក,,CBO-01,1,139,0,10, No Tax, exclusive,S-CB10,,,,,,,,,,,,,no_image.png,standard
SHC0002,ទូស្បែកជើង (NK 1300 D0) ទ្វារក្រក កិក 2,,CBO-01,1,99,0,10, No Tax, exclusive,S-CB10,,,,,,,,,,,,,no_image.png,standard
BB0001,គ្រែឈុត​ BAA051+ TGA901 (1ឈុត),,CBO-01,2,890,0,10, No Tax, exclusive,S-CB11,,,,,,,,,,,,,no_image.png,standard
BB0002,គ្រែឈុត​ EC180B (2),,CBO-01,2,0,0,10, No Tax, exclusive,S-CB11,,,,,,,,,,,,,no_image.png,standard
BB0003,គ្រែ Sarika 1.53m ,,CBO-01,1,118,0,10, No Tax, exclusive,S-CB11,,,,,,,,,,,,,no_image.png,standard
BB0004,គ្រែ Sarika 1.8m ពណ៌ក្រហម,,CBO-01,1,123,0,10, No Tax, exclusive,S-CB11,,,,,,,,,,,,,no_image.png,standard
BB0005,គ្រែ Similan 1.53m ,,CBO-01,1,108,0,10, No Tax, exclusive,S-CB11,,,,,,,,,,,,,no_image.png,standard
BB0006,គ្រែ Similan 1.8m ពណ៌ Rijeka (រេស៊ីកា),,CBO-01,1,113,0,10, No Tax, exclusive,S-CB11,,,,,,,,,,,,,no_image.png,standard
BB0007,គ្រែ Poket 1.53m ,,CBO-01,1,118,0,10, No Tax, exclusive,S-CB11,,,,,,,,,,,,,no_image.png,standard
BB0008,គ្រែ Poket 1.8m ,,CBO-01,1,123,0,10, No Tax, exclusive,S-CB11,,,,,,,,,,,,,no_image.png,standard
UB0001,ឆ័ត្រធំ 3m x 3m ពណ៌កាហ្វេ,,CBO-01,1,215,0,10, No Tax, exclusive,S-CB12,,,,,,,,,,,,,no_image.png,standard
UB0002,ឆ័ត្រធំ 3m x 3m ពណ៌ស,,CBO-01,1,215,0,10, No Tax, exclusive,S-CB12,,,,,,,,,,,,,no_image.png,standard
UB0003,ឆ័ត្រធំ XLMA ពណ៌គគីរ,,CBO-01,1,0,0,10, No Tax, exclusive,S-CB12,,,,,,,,,,,,,no_image.png,standard
UB0004,ឆ័ត្រធំ XLMA ពណ៌សាច់,,CBO-01,1,0,0,10, No Tax, exclusive,S-CB12,,,,,,,,,,,,,no_image.png,standard
SAFE0001,SS 52Kg Leeco ផ្តេក,,SAFE-01,1,137,0,10, No Tax, exclusive,S-SAFE1,,,,,,,,,,,,,no_image.png,standard
SAFE0002,SS 52Kg Leeco បញ្ឈរ,,SAFE-01,1,161,0,10, No Tax, exclusive,S-SAFE1,,,,,,,,,,,,,no_image.png,standard
SAFE0003,SD 105Kg Leeco ,,SAFE-01,1,296,0,10, No Tax, exclusive,S-SAFE1,,,,,,,,,,,,,no_image.png,standard
SAFE0004,700T 155Kg Leeco ,,SAFE-01,1,422,0,10, No Tax, exclusive,S-SAFE1,,,,,,,,,,,,,no_image.png,standard
SAFE0005,701T 190Kg Leeco ,,SAFE-01,1,582,0,10, No Tax, exclusive,S-SAFE1,,,,,,,,,,,,,no_image.png,standard
SAFE0006,702T 250Kg Leeco ,,SAFE-01,1,685,0,10, No Tax, exclusive,S-SAFE1,,,,,,,,,,,,,no_image.png,standard
SAFE0007,ES20 70Kg Leeco,,SAFE-01,1,234,0,10, No Tax, exclusive,S-SAFE1,,,,,,,,,,,,,no_image.png,standard
SAFE0008,PD50 130Kg Leeco ទម្លាក់លុយបង្វិល,,SAFE-01,1,0,0,10, No Tax, exclusive,S-SAFE1,,,,,,,,,,,,,no_image.png,standard
SAFE0009,PL700 155Kg Digital,,SAFE-01,1,0,0,10, No Tax, exclusive,S-SAFE1,,,,,,,,,,,,,no_image.png,standard
SAFE0010,PD20 80Kg Leeco បង្វិល,,SAFE-01,1,0,0,10, No Tax, exclusive,S-SAFE1,,,,,,,,,,,,,no_image.png,standard
SAFE0011,T1000 Bool Safe,,SAFE-01,1,509,0,10, No Tax, exclusive,S-SAFE2,,,,,,,,,,,,,no_image.png,standard
SAFE0012,T880 Bool Safe,,SAFE-01,1,392,0,10, No Tax, exclusive,S-SAFE2,,,,,,,,,,,,,no_image.png,standard
SAFE0013,T750 Bool Safe,,SAFE-01,1,295,0,10, No Tax, exclusive,S-SAFE2,,,,,,,,,,,,,no_image.png,standard
SAFE0014,T670 Bool Safe,,SAFE-01,1,280,0,10, No Tax, exclusive,S-SAFE2,,,,,,,,,,,,,no_image.png,standard
SAFE0015,T610 Bool Safe,,SAFE-01,1,257,0,10, No Tax, exclusive,S-SAFE2,,,,,,,,,,,,,no_image.png,standard
SAFE0016,T530W Bool Safe,,SAFE-01,1,172,0,10, No Tax, exclusive,S-SAFE2,,,,,,,,,,,,,no_image.png,standard
SAFE0017,T500 Bool Safe,,SAFE-01,1,157,0,10, No Tax, exclusive,S-SAFE2,,,,,,,,,,,,,no_image.png,standard
SAFE0018,T360 Bool Safe,,SAFE-01,1,155,0,10, No Tax, exclusive,S-SAFE2,,,,,,,,,,,,,no_image.png,standard
SAFE0019,T310 Bool Safe,,SAFE-01,1,147,0,10, No Tax, exclusive,S-SAFE2,,,,,,,,,,,,,no_image.png,standard
SAFE0020,BH300T Bool Safe,,SAFE-01,1,123,0,10, No Tax, exclusive,S-SAFE2,,,,,,,,,,,,,no_image.png,standard
SAFE0021,BH260T Bool Safe,,SAFE-01,1,113,0,10, No Tax, exclusive,S-SAFE2,,,,,,,,,,,,,no_image.png,standard
SAFE0022,BH254T Bool Safe,,SAFE-01,1,140,0,10, No Tax, exclusive,S-SAFE2,,,,,,,,,,,,,no_image.png,standard
SAFE0023,OND 200D (240Kg) Orion Digital (ទម្លាក់លុយ),,SAFE-01,1,780,0,10, No Tax, exclusive,S-SAFE3,,,,,,,,,,,,,no_image.png,standard
SAFE0024,OND 100D (130Kg) Orion Digital ​(ទម្លាក់លុយ),,SAFE-01,1,480,0,10, No Tax, exclusive,S-SAFE3,,,,,,,,,,,,,no_image.png,standard
SAFE0025,OND​ 850D (80Kg) Orion Digital ​(ទម្លាក់លុយ),,SAFE-01,1,380,0,10, No Tax, exclusive,S-SAFE3,,,,,,,,,,,,,no_image.png,standard
SAFE0026,OB505D07 (250Kg) Orion Digital,,SAFE-01,1,630,0,10, No Tax, exclusive,S-SAFE3,,,,,,,,,,,,,no_image.png,standard
SAFE0027,OB404D07 (190Kg) Orion Digital,,SAFE-01,1,530,0,10, No Tax, exclusive,S-SAFE3,,,,,,,,,,,,,no_image.png,standard
SAFE0028,OB303D07 (155Kg) Orion Digital,,SAFE-01,1,430,0,10, No Tax, exclusive,S-SAFE3,,,,,,,,,,,,,no_image.png,standard
SAFE0029,OMD13 (105Kg) Orion Digital,,SAFE-01,1,175,0,10, No Tax, exclusive,S-SAFE3,,,,,,,,,,,,,no_image.png,standard
SAFE0030,OS22D07 (52Kg) Orion Digital,,SAFE-01,1,165,0,10, No Tax, exclusive,S-SAFE3,,,,,,,,,,,,,no_image.png,standard
SAFE0031,OS11D (52Kg) Orion Digital,,SAFE-01,1,165,0,10, No Tax, exclusive,S-SAFE3,,,,,,,,,,,,,no_image.png,standard
SAFE0032,OS20D (20Kg) Orion Digital,,SAFE-01,1,110,0,10, No Tax, exclusive,S-SAFE3,,,,,,,,,,,,,no_image.png,standard
SAFE0033,S/N14-12741 (255Kg) TaiYo ទ្វារបើក2,,SAFE-01,1,0,0,10, No Tax, exclusive,S-SAFE4,,,,,,,,,,,,,no_image.png,standard
SAFE0034,S/N18-8019 (250Kg) TaiYo,,SAFE-01,1,0,0,10, No Tax, exclusive,S-SAFE4,,,,,,,,,,,,,no_image.png,standard
SAFE0035,S/N14-12343 (121Kg) TaiYo,,SAFE-01,1,0,0,10, No Tax, exclusive,S-SAFE4,,,,,,,,,,,,,no_image.png,standard
SAFE0036,S/N16-20209 (81Kg) TaiYo,,SAFE-01,1,0,0,10, No Tax, exclusive,S-SAFE4,,,,,,,,,,,,,no_image.png,standard
SAFE0037,S/N18-20226 (51Kg) TaiYo,,SAFE-01,1,0,0,10, No Tax, exclusive,S-SAFE4,,,,,,,,,,,,,no_image.png,standard
SAFE0038,S/N16-10490 (51Kg) TaiYo,,SAFE-01,1,0,0,10, No Tax, exclusive,S-SAFE4,,,,,,,,,,,,,no_image.png,standard
SAFE0039,S/N14-15376 (193Kg) TaiYo ទម្លាក់លុយ,,SAFE-01,1,0,0,10, No Tax, exclusive,S-SAFE4,,,,,,,,,,,,,no_image.png,standard
SAFE0040,TaiYo (51Kg) បង្វិលស្បែក,,SAFE-01,1,0,0,10, No Tax, exclusive,S-SAFE4,,,,,,,,,,,,,no_image.png,standard
SAFE0041,UBO-180E (180Kg) Uchida,,SAFE-01,1,0,0,10, No Tax, exclusive,S-SAFE5,,,,,,,,,,,,,no_image.png,standard
SAFE0042,UBH-37E (32Kg) Uchida,,SAFE-01,1,0,0,10, No Tax, exclusive,S-SAFE5,,,,,,,,,,,,,no_image.png,standard
SAFE0043,Diplomat Hotel,,SAFE-01,1,0,0,10, No Tax, exclusive,S-SAFE6,,,,,,,,,,,,,no_image.png,standard
SAFE0044,100EHK88 (210Kg) Diplomat,,SAFE-01,1,440,0,10, No Tax, exclusive,S-SAFE6,,,,,,,,,,,,,no_image.png,standard
SAFE0045,080EHK88 (140Kg) Diplomat,,SAFE-01,1,320,0,10, No Tax, exclusive,S-SAFE6,,,,,,,,,,,,,no_image.png,standard
SAFE0046,070EHK88 (105Kg) Diplomat,,SAFE-01,1,260,0,10, No Tax, exclusive,S-SAFE6,,,,,,,,,,,,,no_image.png,standard
SAFE0047,F530EK (69Kg) Diplomat,,SAFE-01,1,160,0,10, No Tax, exclusive,S-SAFE6,,,,,,,,,,,,,no_image.png,standard
SAFE0048,530EK 88(69Kg) Diplomat,,SAFE-01,1,160,0,10, No Tax, exclusive,S-SAFE6,,,,,,,,,,,,,no_image.png,standard
SAFE0049,119EK ,,SAFE-01,1,120,0,10, No Tax, exclusive,S-SAFE6,,,,,,,,,,,,,no_image.png,standard
SAFE0050,125EK,,SAFE-01,1,128,0,10, No Tax, exclusive,S-SAFE6,,,,,,,,,,,,,no_image.png,standard
SAFE0051,120EHK88,,SAFE-01,1,540,0,10, No Tax, exclusive,S-SAFE6,,,,,,,,,,,,,no_image.png,standard
SAFE0052,ទូដែក Yale ធំ,,SAFE-01,1,0,0,10, No Tax, exclusive,S-SAFE7,,,,,,,,,,,,,no_image.png,standard
SAFE0053,ទូដែក Yale តូច,,SAFE-01,1,0,0,10, No Tax, exclusive,S-SAFE7,,,,,,,,,,,,,no_image.png,standard
KEY0001,ប្រអប់ដាក់សោ,,SAFE-01,1,0,0,10, No Tax, exclusive,S-SAFE8,,,,,,,,,,,,,no_image.png,standard
CASH0001,ប្រអប់ដាក់លុយ,,SAFE-01,1,0,0,10, No Tax, exclusive,S-SAFE9,,,,,,,,,,,,,no_image.png,standard
CASH0002,ND-350 ប្រអប់ដាក់លុយ,,SAFE-01,1,0,0,10, No Tax, exclusive,S-SAFE9,,,,,,,,,,,,,no_image.png,standard
COLOR0001,ធ្នើរ LE-HT700,,SAFE-01,1,41,0,10, No Tax, exclusive,S-SAFE10,,,,,,,,,,,,,no_image.png,standard
COLOR0002,ទូពណ៌​ ទឹកក្រូច,,SAFE-01,1,12,0,10, No Tax, exclusive,S-SAFE10,,,,,,,,,,,,,no_image.png,standard
COLOR0003,ទូពណ៌​ ស្វាយ,,SAFE-01,1,12,0,10, No Tax, exclusive,S-SAFE10,,,,,,,,,,,,,no_image.png,standard
COLOR0004,ទូពណ៌​ ផ្កាឈូក,,SAFE-01,1,12,0,10, No Tax, exclusive,S-SAFE10,,,,,,,,,,,,,no_image.png,standard
COLOR0005,ទូពណ៌​ លឿង,,SAFE-01,1,12,0,10, No Tax, exclusive,S-SAFE10,,,,,,,,,,,,,no_image.png,standard
COLOR0006,ទូពណ៌​ បៃតង,,SAFE-01,1,12,0,10, No Tax, exclusive,S-SAFE10,,,,,,,,,,,,,no_image.png,standard
COLOR0007,ទូពណ៌​ ផ្ទៃមេឃ,,SAFE-01,1,12,0,10, No Tax, exclusive,S-SAFE10,,,,,,,,,,,,,no_image.png,standard
COLOR0008,ទូពណ៌​ ទឹកក្រូច មានសោរ,,SAFE-01,1,17,0,10, No Tax, exclusive,S-SAFE10,,,,,,,,,,,,,no_image.png,standard
COLOR0009,ទូពណ៌​ ស្វាយ មានសោរ,,SAFE-01,1,17,0,10, No Tax, exclusive,S-SAFE10,,,,,,,,,,,,,no_image.png,standard
COLOR0010,ទូពណ៌​ ផ្កាឈូក មានសោរ,,SAFE-01,1,17,0,10, No Tax, exclusive,S-SAFE10,,,,,,,,,,,,,no_image.png,standard
COLOR0011,ទូពណ៌​ លឿង មានសោរ,,SAFE-01,1,17,0,10, No Tax, exclusive,S-SAFE10,,,,,,,,,,,,,no_image.png,standard
COLOR0012,ទូពណ៌​ បៃតង មានសោរ,,SAFE-01,1,17,0,10, No Tax, exclusive,S-SAFE10,,,,,,,,,,,,,no_image.png,standard
COLOR0013,ទូពណ៌​ ផ្ទៃមេឃ មានសោរ,,SAFE-01,1,17,0,10, No Tax, exclusive,S-SAFE10,,,,,,,,,,,,,no_image.png,standard
PART0001,LE DP1216+SDP(Partitions),,SAFE-01,1,24,0,10, No Tax, exclusive,S-SAFE11,,,,,,,,,,,,,no_image.png,standard
PART0002,LE DP1616+SDP(Partitions),,SAFE-01,1,28,0,10, No Tax, exclusive,S-SAFE11,,,,,,,,,,,,,no_image.png,standard
PART0003,LE DP716+SDP(Partitions),,SAFE-01,1,20,0,10, No Tax, exclusive,S-SAFE11,,,,,,,,,,,,,no_image.png,standard
PART0004,LE SDP (ជើង Partitions),,SAFE-01,1,10,0,10, No Tax, exclusive,S-SAFE11,,,,,,,,,,,,,no_image.png,standard
PART0005,LE SP,,SAFE-01,1,9,0,10, No Tax, exclusive,S-SAFE11,,,,,,,,,,,,,no_image.png,standard
MTTG0001,ពូក VIP London​ 1.8m,,MTTG-01,1,0,0,10, No Tax, exclusive,S-MTTG1,,,,,,,,,,,,,no_image.png,standard
MTTG0002,ពូក VIP London​ 1.6m,,MTTG-01,1,0,0,10, No Tax, exclusive,S-MTTG1,,,,,,,,,,,,,no_image.png,standard
MTTG0003,ពូក VIP London​ 1.4m,,MTTG-01,1,0,0,10, No Tax, exclusive,S-MTTG1,,,,,,,,,,,,,no_image.png,standard
MTTG0004,ពូក VIP London​ 1.2m,,MTTG-01,1,0,0,10, No Tax, exclusive,S-MTTG1,,,,,,,,,,,,,no_image.png,standard
MTTG0005,ពូក VIP London​ 1.0m,,MTTG-01,1,0,0,10, No Tax, exclusive,S-MTTG1,,,,,,,,,,,,,no_image.png,standard
MTTG0006,ពូកថៃ​ Green Latex london 1.8m,,MTTG-01,1,464,0,10, No Tax, exclusive,S-MTTG1,,,,,,,,,,,,,no_image.png,standard
MTTG0007,ពូកថៃ​ Green Latex london ​​​ 1.6m,,MTTG-01,1,464,0,10, No Tax, exclusive,S-MTTG1,,,,,,,,,,,,,no_image.png,standard
MTTG0008,ពូកថៃ Green Latex london ​​​ 1.53m,,MTTG-01,1,464,0,10, No Tax, exclusive,S-MTTG1,,,,,,,,,,,,,no_image.png,standard
MTTG0009,ពូកថៃ​ Green Latex london​​​ 1.4m,,MTTG-01,1,464,0,10, No Tax, exclusive,S-MTTG1,,,,,,,,,,,,,no_image.png,standard
MTTG0010,ពូកថៃ​ Green Latex london​​​ 1.2m,,MTTG-01,1,371,0,10, No Tax, exclusive,S-MTTG1,,,,,,,,,,,,,no_image.png,standard
MTTG0011,ពូកថៃ​ Green Latex london​​​ 1.0m,,MTTG-01,1,0,0,10, No Tax, exclusive,S-MTTG1,,,,,,,,,,,,,no_image.png,standard
MTTG0012,ពូកថៃ​ Green Latex Veniceស្រទាប់ពីជាន់​​​ 1.8m,,MTTG-01,1,349,0,10, No Tax, exclusive,S-MTTG2,,,,,,,,,,,,,no_image.png,standard
MTTG0013,ពូកថៃ​ Green Latex Veniceស្រទាប់ពីជាន់​​​ 1.6m,,MTTG-01,1,349,0,10, No Tax, exclusive,S-MTTG2,,,,,,,,,,,,,no_image.png,standard
MTTG0014,ពូកថៃ​ Green Latex Veniceស្រទាប់ពីជាន់​​​ 1.4m,,MTTG-01,1,349,0,10, No Tax, exclusive,S-MTTG2,,,,,,,,,,,,,no_image.png,standard
MTTG0015,ពូកថៃ​ Green Latex Veniceស្រទាប់ពីជាន់​​​ 1.2m,,MTTG-01,1,258,0,10, No Tax, exclusive,S-MTTG2,,,,,,,,,,,,,no_image.png,standard
MTTG0016,ពូកថៃ​ Green Latex Veniceស្រទាប់ពីជាន់​​​ 1.00m,,MTTG-01,1,0,0,10, No Tax, exclusive,S-MTTG2,,,,,,,,,,,,,no_image.png,standard
MTTG0017,ពូកថៃ​ Green Latex Oslo 1.8m រឹង,,MTTG-01,1,289,0,10, No Tax, exclusive,S-MTTG3,,,,,,,,,,,,,no_image.png,standard
MTTG0018,ពូកថៃ​ Green Latex ​Oslo 1.6m រឹង,,MTTG-01,1,289,0,10, No Tax, exclusive,S-MTTG3,,,,,,,,,,,,,no_image.png,standard
MTTG0019,ពូកថៃ​ Green Latex ​Oslo 1.4m រឹង,,MTTG-01,1,289,0,10, No Tax, exclusive,S-MTTG3,,,,,,,,,,,,,no_image.png,standard
MTTG0020,ពូកថៃ​ Green Latex​ Oslo 1.2m រឹង,,MTTG-01,1,158,0,10, No Tax, exclusive,S-MTTG3,,,,,,,,,,,,,no_image.png,standard
MTTG0021,ពូកថៃ​ Green Latex​ Oslo 1.0m រឹង,,MTTG-01,1,145,0,10, No Tax, exclusive,S-MTTG3,,,,,,,,,,,,,no_image.png,standard
MTTG0022,ពូកថៃ​ Green Latex Oslo 1.8m ទាន់,,MTTG-01,1,289,0,10, No Tax, exclusive,S-MTTG3,,,,,,,,,,,,,no_image.png,standard
MTTG0023,ពូកថៃ​ Green Latex ​Oslo 1.6m​ ទន់,,MTTG-01,1,289,0,10, No Tax, exclusive,S-MTTG3,,,,,,,,,,,,,no_image.png,standard
MTTG0024,ពូកថៃ​ Green Latex ​Oslo 1.4m​ ទន់,,MTTG-01,1,289,0,10, No Tax, exclusive,S-MTTG3,,,,,,,,,,,,,no_image.png,standard
MTTG0025,ពូកថៃ​ Green Latex​ Oslo 1.2m ទន់,,MTTG-01,1,158,0,10, No Tax, exclusive,S-MTTG3,,,,,,,,,,,,,no_image.png,standard
MTTG0026,ពូកថៃ​ Green Latex​ Oslo 1.0m ទន់,,MTTG-01,1,145,0,10, No Tax, exclusive,S-MTTG3,,,,,,,,,,,,,no_image.png,standard
MTTG0027,ពូកថៃ​ Green Latex​ Rome 1.8m,,MTTG-01,1,258,0,10, No Tax, exclusive,S-MTTG4,,,,,,,,,,,,,no_image.png,standard
MTTG0028,ពូកថៃ​ Green Latex​ Rome 1.6m,,MTTG-01,1,258,0,10, No Tax, exclusive,S-MTTG4,,,,,,,,,,,,,no_image.png,standard
MTTG0029,ពូកថៃ​ Green Latex​ Rome 1.4m,,MTTG-01,1,258,0,10, No Tax, exclusive,S-MTTG4,,,,,,,,,,,,,no_image.png,standard
MTTG0030,ពូកថៃ​ Green Latex​ Rome 1.2m,,MTTG-01,1,239,0,10, No Tax, exclusive,S-MTTG4,,,,,,,,,,,,,no_image.png,standard
MTTG0031,ពូកថៃ​ Green Latex​ Rome 1.0m,,MTTG-01,1,0,0,10, No Tax, exclusive,S-MTTG4,,,,,,,,,,,,,no_image.png,standard
MTTG0032,ពូកថៃ Osaka Alexandra 1.8m,,MTTG-01,1,196,0,10, No Tax, exclusive,S-MTTG5,,,,,,,,,,,,,no_image.png,standard
MTTG0033,ពូកថៃ Osaka Alexandra 1.6m,,MTTG-01,1,196,0,10, No Tax, exclusive,S-MTTG5,,,,,,,,,,,,,no_image.png,standard
MTTG0034,ពូកថៃ Osaka Alexandra 1.4m,,MTTG-01,1,196,0,10, No Tax, exclusive,S-MTTG5,,,,,,,,,,,,,no_image.png,standard
MTTG0035,ពូកថៃ Osaka Alexandra 1.2m,,MTTG-01,1,157,0,10, No Tax, exclusive,S-MTTG5,,,,,,,,,,,,,no_image.png,standard
MTTG0036,ពូកថៃ Osaka Alexandra 1.0m,,MTTG-01,1,145,0,10, No Tax, exclusive,S-MTTG5,,,,,,,,,,,,,no_image.png,standard
MTTG0037,ពូកថៃ​ ​Osaka 1.8m,,MTTG-01,1,196,0,10, No Tax, exclusive,S-MTTG5,,,,,,,,,,,,,no_image.png,standard
MTTG0038,ពូកថៃ ​Osaka 1.6m,,MTTG-01,1,196,0,10, No Tax, exclusive,S-MTTG5,,,,,,,,,,,,,no_image.png,standard
MTTG0039,ពូកថៃ​ Osaka 1.4m,,MTTG-01,1,196,0,10, No Tax, exclusive,S-MTTG5,,,,,,,,,,,,,no_image.png,standard
MTTG0040,ពូក​ថៃ Osaka 1.2m,,MTTG-01,1,157,0,10, No Tax, exclusive,S-MTTG5,,,,,,,,,,,,,no_image.png,standard
MTTG0041,ពូកថៃ​ Osaka 1.0m,,MTTG-01,1,145,0,10, No Tax, exclusive,S-MTTG5,,,,,,,,,,,,,no_image.png,standard
MTTG0047,ពូក​កៅស៊ូ​ថៃ Green Latex Addision 1.80m,,MTTG-01,1,809,0,10, No Tax, exclusive,S-MTTG6,,,,,,,,,,,,,no_image.png,standard
MTTG0048,ពូក​កៅស៊ូថៃ​ Green Latex​ Vienna 1.80m,,MTTG-01,1,1259,0,10, No Tax, exclusive,S-MTTG6,,,,,,,,,,,,,no_image.png,standard
MTTG0049,ពូក​ថៃ​ Green Latex Virginia 1.8m ពណ៌ស្វាយ,,MTTG-01,1,0,0,10, No Tax, exclusive,S-MTTG6,,,,,,,,,,,,,no_image.png,standard
MTTG0050,ពូក​រម៉ូថៃ​ Green Latex Care 0.90m,,MTTG-01,1,42.3,0,10, No Tax, exclusive,S-MTTG6,,,,,,,,,,,,,no_image.png,standard
MTTG0051,ពូក​រម៉ូ​ថៃ​ Green Latex Victoria 0.90m,,MTTG-01,1,0,0,10, No Tax, exclusive,S-MTTG6,,,,,,,,,,,,,no_image.png,standard
MTTG0052,ពូក Latex topper 1.8m (0.5T),,MTTG-01,1,319,0,10, No Tax, exclusive,S-MTTG6,,,,,,,,,,,,,no_image.png,standard
MTTG0053,ពូកថៃ Lotus​​​ 1.8m,,MTTG-01,1,0,0,10, No Tax, exclusive,S-MTTG6,,,,,,,,,,,,,no_image.png,standard
MTTG0056,ពូកថៃ​​ Jessica 1.8m +កើយ2+អោប2+កំរាល1ឈុត,,MTTG-01,1,0,0,10, No Tax, exclusive,S-MTTG6,,,,,,,,,,,,,no_image.png,standard
MTTG0057,ពូកថៃ​ Home Coloure 1.8m ម៉ាឡេ,,MTTG-01,1,0,0,10, No Tax, exclusive,S-MTTG6,,,,,,,,,,,,,no_image.png,standard
MTTG0054,ពូករ៉ឺស័រដាច់​ Lotus 180cm x 200cm x 25cm (ឈុត),,MTTG-01,1,0,0,10, No Tax, exclusive,S-MTTG7,,,,,,,,,,,,,no_image.png,standard
MTTG0055,ពូករ៉ឺស័រដាច់​​Green Latex 180cm x 200cm x 30cm ,,MTTG-01,1,0,0,10, No Tax, exclusive,S-MTTG7,,,,,,,,,,,,,no_image.png,standard
MTTG0061,ពូក​បត់3កំណាត់ Molina 90cm x 200cm x 5cm,,MTTG-01,1,58,0,10, No Tax, exclusive,S-MTTG8,,,,,,,,,,,,,no_image.png,standard
MTTG0062,ពូក​បត់3កំណាត់ Molina 100cm x 200cm x 5cm,,MTTG-01,1,58,0,10, No Tax, exclusive,S-MTTG8,,,,,,,,,,,,,no_image.png,standard
MTTG0063,ពូក​បត់3កំណាត់ Molina 120cm x 200cm x 5cm,,MTTG-01,1,69,0,10, No Tax, exclusive,S-MTTG8,,,,,,,,,,,,,no_image.png,standard
MTTG0064,ពូក​បត់3កំណាត់ Molina 140cm x 200cm x 5cm,,MTTG-01,1,79,0,10, No Tax, exclusive,S-MTTG8,,,,,,,,,,,,,no_image.png,standard
MTTG0065,ពូក​បត់3កំណាត់ Molina 160cm x 200cm x 5cm,,MTTG-01,1,90,0,10, No Tax, exclusive,S-MTTG8,,,,,,,,,,,,,no_image.png,standard
MTTG0066,ពូក​បត់3កំណាត់ Molina 180cm x 200cm x 5cm,,MTTG-01,1,100,0,10, No Tax, exclusive,S-MTTG8,,,,,,,,,,,,,no_image.png,standard
MTTG0067,ពូក​បត់3កំណាត់ Molina 100cm x 200cm x 10cm,,MTTG-01,1,84,0,10, No Tax, exclusive,S-MTTG8,,,,,,,,,,,,,no_image.png,standard
MTTG0068,ពូក​បត់3កំណាត់ Molina 120cm x 200cm x 10cm,,MTTG-01,1,95,0,10, No Tax, exclusive,S-MTTG8,,,,,,,,,,,,,no_image.png,standard
MTTG0069,ពូក​បត់3កំណាត់ Molina 140cm x 200cm x 10cm,,MTTG-01,1,111,0,10, No Tax, exclusive,S-MTTG8,,,,,,,,,,,,,no_image.png,standard
MTTG0070,ពូក​បត់3កំណាត់ Molina 160cm x 200cm x 10cm,,MTTG-01,1,126,0,10, No Tax, exclusive,S-MTTG8,,,,,,,,,,,,,no_image.png,standard
MTTG0071,ពូក​បត់3កំណាត់ Molina 180cm x 200cm x 10cm,,MTTG-01,1,142,0,10, No Tax, exclusive,S-MTTG8,,,,,,,,,,,,,no_image.png,standard
MTTG0072,ពូកបត់ Moliny 90cm x 200cm x 5cm ពណ៌កាហ្វេ,,MTTG-01,1,105,0,10, No Tax, exclusive,S-MTTG9,,,,,,,,,,,,,no_image.png,standard
MTTG0073,ពូកបត់ Moliny 90cm x 200cm x 5cm ពណ៌ស,,MTTG-01,1,105,0,10, No Tax, exclusive,S-MTTG9,,,,,,,,,,,,,no_image.png,standard
MTTG0074,ពូកប៉ិចណិច​ Philip 1.80m,,MTTG-01,1,0,0,10, No Tax, exclusive,S-MTTG10,,,,,,,,,,,,,no_image.png,standard
MTTG0075,ពូកប៉ិចណិច​ Philip 1.60m,,MTTG-01,1,0,0,10, No Tax, exclusive,S-MTTG10,,,,,,,,,,,,,no_image.png,standard
MTTG0076,ពូកប៉ិចណិច​ Philip 1.40m,,MTTG-01,1,0,0,10, No Tax, exclusive,S-MTTG10,,,,,,,,,,,,,no_image.png,standard
MTTG0077,ពូកប៉ិចណិច​ Philip 1.20m,,MTTG-01,1,0,0,10, No Tax, exclusive,S-MTTG10,,,,,,,,,,,,,no_image.png,standard
MTTG0078,ពូកប៉ិចណិច​ Philip 1.00m,,MTTG-01,1,0,0,10, No Tax, exclusive,S-MTTG10,,,,,,,,,,,,,no_image.png,standard
MTTG0079,ពូក​ Athens អេប៉ុងលាយកៅស៊ូ ​1.8m,,MTTG-01,1,0,0,10, No Tax, exclusive,S-MTTG11,,,,,,,,,,,,,no_image.png,standard
MTTG0080,ពូក​ Athens អេប៉ុងលាយកៅស៊ូ ​1.6m,,MTTG-01,1,0,0,10, No Tax, exclusive,S-MTTG11,,,,,,,,,,,,,no_image.png,standard
MTTG0081,ពូក​ Athens អេប៉ុងលាយកៅស៊ូ ​1.4m,,MTTG-01,1,0,0,10, No Tax, exclusive,S-MTTG11,,,,,,,,,,,,,no_image.png,standard
MTTG0082,ពូក​ Athens អេប៉ុងលាយកៅស៊ូ ​1.2m,,MTTG-01,1,0,0,10, No Tax, exclusive,S-MTTG11,,,,,,,,,,,,,no_image.png,standard
MTTG0083,ពូក​ Athens អេប៉ុងលាយកៅស៊ូ ​1.0m,,MTTG-01,1,0,0,10, No Tax, exclusive,S-MTTG11,,,,,,,,,,,,,no_image.png,standard
MT0001,ពូក Rest 180cm x200cm x20cm,,MTTG-01,1,0,0,10, No Tax, exclusive,S-MTTG12,,,,,,,,,,,,,no_image.png,standard
MT0002,ពូក Rest 160cm x200cm x20cm,,MTTG-01,1,0,0,10, No Tax, exclusive,S-MTTG12,,,,,,,,,,,,,no_image.png,standard
MT0003,ពូក Rest 140cm x200cm x20cm,,MTTG-01,1,0,0,10, No Tax, exclusive,S-MTTG12,,,,,,,,,,,,,no_image.png,standard
MT0004,ពូក Rest 120cm x200cm x20cm,,MTTG-01,1,0,0,10, No Tax, exclusive,S-MTTG12,,,,,,,,,,,,,no_image.png,standard
MT0005,ពូក Rest 100cm x200cm x20cm,,MTTG-01,1,0,0,10, No Tax, exclusive,S-MTTG12,,,,,,,,,,,,,no_image.png,standard
MT0006,ពូករ៉ឺស័រ Toto  190cm​ x 200cm x 20cm ,,MTTG-01,1,0,0,10, No Tax, exclusive,S-MTTG12,,,,,,,,,,,,,no_image.png,standard
MT0007,ពូករ៉ឺស័រ Toto  160cm​ x 200cm x 20cm ,,MTTG-01,1,0,0,10, No Tax, exclusive,S-MTTG12,,,,,,,,,,,,,no_image.png,standard
MT0008,ពូករ៉ឺស័រ Toto  140cm​ x 200cm x 20cm ,,MTTG-01,1,0,0,10, No Tax, exclusive,S-MTTG12,,,,,,,,,,,,,no_image.png,standard
MT0009,ពូករ៉ឺស័រ Toto  120cm​ x 200cm x 20cm ,,MTTG-01,1,0,0,10, No Tax, exclusive,S-MTTG12,,,,,,,,,,,,,no_image.png,standard
MT0010,ពូករ៉ឺស័រ Toto  100cm​ x 200cm x 20cm ,,MTTG-01,1,0,0,10, No Tax, exclusive,S-MTTG12,,,,,,,,,,,,,no_image.png,standard
MT0011,ពូក Memory Form Honey Topper,,MTTG-01,1,0,0,10, No Tax, exclusive,S-MTTG12,,,,,,,,,,,,,no_image.png,standard
MT0012,ពូករ៉ូសរ័​ Honey 180cm x 200cm x 25cm,,MTTG-01,1,0,0,10, No Tax, exclusive,S-MTTG12,,,,,,,,,,,,,no_image.png,standard
MT0013,ពូករ៉ូសរ័​ Holylex 200cm x 210cm x 28cm,,MTTG-01,1,0,0,10, No Tax, exclusive,S-MTTG12,,,,,,,,,,,,,no_image.png,standard
MT0014,ពូកអេប៉ុង 1.80m,,MTTG-01,1,0,0,10, No Tax, exclusive,S-MTTG12,,,,,,,,,,,,,no_image.png,standard
MT0015,ពូកអេប៉ុង 1.60m,,MTTG-01,1,0,0,10, No Tax, exclusive,S-MTTG12,,,,,,,,,,,,,no_image.png,standard
MT0016,ពូកអេប៉ុង 1.40m,,MTTG-01,1,0,0,10, No Tax, exclusive,S-MTTG12,,,,,,,,,,,,,no_image.png,standard
MT0017,ពូកអេប៉ុង 1.20m,,MTTG-01,1,0,0,10, No Tax, exclusive,S-MTTG12,,,,,,,,,,,,,no_image.png,standard
MT0018,ពូកអេប៉ុង 1.00m,,MTTG-01,1,0,0,10, No Tax, exclusive,S-MTTG12,,,,,,,,,,,,,no_image.png,standard
MT0019,ពូក Ancher 180cm x 200cm x 12cm,,MTTG-01,1,69,0,10, No Tax, exclusive,S-MTTG12,,,,,,,,,,,,,no_image.png,standard
MT0020,ពូក Ancher 160cm x 200cm x 12cm,,MTTG-01,1,64,0,10, No Tax, exclusive,S-MTTG12,,,,,,,,,,,,,no_image.png,standard
MT0021,ពូក Ancher 140cm x 200cm x 12cm,,MTTG-01,1,58,0,10, No Tax, exclusive,S-MTTG12,,,,,,,,,,,,,no_image.png,standard
MT0022,ពូក Ancher 120cm x 200cm x 12cm,,MTTG-01,1,52,0,10, No Tax, exclusive,S-MTTG12,,,,,,,,,,,,,no_image.png,standard
MT0023,ពូក Ancher 100cm x 200cm x 12cm,,MTTG-01,1,47,0,10, No Tax, exclusive,S-MTTG12,,,,,,,,,,,,,no_image.png,standard
MT0024,ពូក Ancher 180cm x 200cm x 15cm,,MTTG-01,1,78,0,10, No Tax, exclusive,S-MTTG12,,,,,,,,,,,,,no_image.png,standard
MT0025,ពូក Ancher 160cm x 200cm x 15cm,,MTTG-01,1,68,0,10, No Tax, exclusive,S-MTTG12,,,,,,,,,,,,,no_image.png,standard
MT0026,ពូក Ancher 140cm x 200cm x 15cm,,MTTG-01,1,60,0,10, No Tax, exclusive,S-MTTG12,,,,,,,,,,,,,no_image.png,standard
MT0027,ពូក Ancher 120cm x 200cm x 15cm,,MTTG-01,1,55,0,10, No Tax, exclusive,S-MTTG12,,,,,,,,,,,,,no_image.png,standard
MT0028,ពូក Ancher 100cm x 200cm x 15cm,,MTTG-01,1,50,0,10, No Tax, exclusive,S-MTTG12,,,,,,,,,,,,,no_image.png,standard
MT0029,ពូក Ancher 180cm x 200cm x 20cm,,MTTG-01,1,93,0,10, No Tax, exclusive,S-MTTG12,,,,,,,,,,,,,no_image.png,standard
MT0030,ពូក Ancher 160cm x 200cm x 20cm,,MTTG-01,1,83,0,10, No Tax, exclusive,S-MTTG12,,,,,,,,,,,,,no_image.png,standard
MT0031,ពូក Ancher 140cm x 200cm x 20cm,,MTTG-01,1,78,0,10, No Tax, exclusive,S-MTTG12,,,,,,,,,,,,,no_image.png,standard
MT0032,ពូក Ancher 120cm x 200cm x 20cm,,MTTG-01,1,72,0,10, No Tax, exclusive,S-MTTG12,,,,,,,,,,,,,no_image.png,standard
MT0033,ពូក Ancher 100cm x 200cm x 20cm,,MTTG-01,1,65,0,10, No Tax, exclusive,S-MTTG12,,,,,,,,,,,,,no_image.png,standard
